一		1	1	One	yi1
二		2	2	Two	er4
三		3	3	Three	san1
四		4	4	Four	si4
五		5	5	Five	wu3
六		6	6	Six	liu4
七		7	7	Seven	qi1
八		8	8	Eight	ba1
九		9	9	Nine	jiu3
十		10	10	Ten	shi2
口		11	11	Mouth	kou3
日		12	12	Day	ri4
月		13	13	Month	yue4
田		14	14	Rice Field	tian2
目		15	15	Eye	mu4
古		16	16	Ancient	gu3
胡		17	17	Recklessly	hu2
叶	葉	18	18	Leaf	ye4
吾		19	19	I (literary)	wu2
朋		20	20	Companion	peng2
明		21	21	Bright	ming2
品		22	22	Goods	pin3
晶		23	23	Sparkling	jing1
昌		24	24	Prosperous	chang1
唱		25	25	Sing	chang4
早		26	26	Early	zao3
旭		27	27	Rising Sun	xu4
世		28	28	Generation	shi4
胃		29	29	Stomach	wei4
旦		30	30	Daybreak	dan4
凹		31	31	Concave	ao1
凸		32	32	Convex	tu1
p.⼂		v1p31	33	p.A drop of	
p.丨		v1p32	34	p.Walking stick	
自		33	35	Oneself	zi4
白		34	36	White	bai2
百		35	37	Hundred	bai3
皂		36	38	Soap	zao4
旧	舊	37	39	Old	jiu4
中		38	40	Middle	zhong1
千		39	41	Thousand	qian1
舌		40	42	Tongue	she2
升		41	43	Liter	sheng1
丸		42	44	Pill	wan2
卜		43	45	Divination	bu3
占		44	46	Tell Fortunes	zhan1
上		45	47	Above	shang4
下		46	48	Below	xia4
卡		47	49	Card	ka3
卓		48	50	Eminent	zhuo2
p.		v1p37	51	p.Mist	
朝		49	52	Dynasty	chao2
嘲		50	53	Ridicule (v.)	chao2
p.		v1p39-1	54	p.Animal legs	
p.勹		v1p39-2	55	p.Bound up	
p.丷		v1p40	56	p.Horns	
只		51	57	Only	zhi3
贝	貝	52	58	Shellfish	bei4
贴	貼	53	59	Paste (v.)	tie1
贞	貞	54	60	Chaste	zhen1
员	員	55	61	Employee	yuan2
儿	兒	56	62	Youngster	er2
几	幾	57	63	How many?	ji3
见	見	58	64	See	jian4
元		59	65	Beginning	yuan2
页	頁	60	66	Page	ye4
顽	頑	61	67	Stubborn	wan2
凡		62	68	Ordinary	fan2
肌		63	69	Muscle	ji1
负	負	64	70	Defeated	fu4
万	萬	65	71	Ten Thousand	wan4
匀	勻	66	72	Uniform (adj.)	yun2
句		67	73	Sentence	ju4
旬		68	74	Decameron	xun2
勺		69	75	Ladle	shao2
的		70	76	Bull’s Eye	de5
首		71	77	Heads	shou3
直		72	78	Straight	zhi2
置		73	79	Set Up	zhi4
p.		v1p49	80	p.Tool	
具		74	81	Tool	ju4
真		75	82	True	zhen1
p.		v1p50	83	p.By one's side	
工		76	84	Work (n.)	gong1
左		77	85	Left	zuo3
右		78	86	Right	you4
有		79	87	Possess	you3
贿	賄	80	88	Bribe (n.)	hui4
p.畐		v1p54	89	p.Wealth	
贡	貢	81	90	Tribute	gong4
项	項	82	91	Item	xiang4
刀		83	92	Sword	dao1
刃		84	93	Blade	ren4
切		85	94	Cut (v.)	qie1
召		86	95	Summon	zhao4
昭		87	96	Evident	zhao1
则	則	88	97	Rule (n.)	ze2
副		89	98	Vice-	fu4
丁		90	99	Fourth	ding1
叮		91	100	Sting (v.)	ding1
可		92	101	Can	ke3
哥		93	102	Older Brother	ge1
顶	頂	94	103	Crest	ding3
乙		95	104	Second	yi3
飞	飛	96	105	Fly (v.)	fei1
子		97	106	Child	zi3
孔		98	107	Cavity	kong3
吼		99	108	Roar (v.)	hou3
乱	亂	100	109	Chaos	luan4
了		101	110	(-ed)	le5
女		102	111	Woman	nü3
好		103	112	Good	hao3
如		104	113	Be like	ru2
母		105	114	Mother	mu3
贯	貫	106	115	Pierce	guan4
兄		107	116	Elder Brother	xiong1
克		108	117	Overcome	ke4
小		109	118	Small	xiao3
少		110	119	Few	shao3
吵		111	120	Noisy	chao3
孙	孫	112	121	Grandchild	sun1
大		113	122	Large	da4
尖		114	123	Tip (n.)	jian1
夕		115	124	Evening	xi1
多		116	125	Many	duo1
够	夠	117	126	Enough	gou4
外		118	127	Outside	wai4
名		119	128	Name (n.)	ming2
罗	羅	120	129	Silk Gauze	luo2
厂	廠	121	130	Factory	chang3
厅	廳	122	131	Hall	ting1
厉	厲	123	132	Stern	li4
厚		124	133	Thick	hou4
石		125	134	Stone	shi2
砂		126	135	Gravel	sha1
妙		127	136	Wonderful	miao4
肖		128	137	Resemble	xiao4
削		129	138	Peel (v.)	xue1
光		130	139	Ray	guang1
太		131	140	Overly	tai4
省		132	141	Economize	sheng3
奇		133	142	Strange	qi2
川		134	143	Stream	chuan1
州		135	144	State	zhou1
顺	順	136	145	Obey	shun4
水		137	146	Water	shui3
永		138	147	Eternity	yong3
脉	脈	139	148	Blood Vessels	mai4
求		140	149	Request (v.)	qiu2
泉		141	150	Spring	quan2
原		142	151	Flatlands	yuan2
泳		143	152	Swim	yong3
洲		144	153	Continent	zhou1
沼		145	154	Marsh	zhao3
沙		146	155	Sand	sha1
江		147	156	Yangtze	jiang1
汁		148	157	Juice	zhi1
潮		149	158	Tide	chao2
源		150	159	Source	yuan2
活		151	160	Lively	huo2
消		152	161	Extinguish	xiao1
河		153	162	River	he2
鱼	魚	154	163	Fish	yu2
渔	漁	155	164	Fishing	yu2
湖		156	165	Lake	hu2
测	測	157	166	Fathom (v.)	ce4
土		158	167	Soil	tu3
均		159	168	Equal	jun1
肚		160	169	Belly	du4
尘	塵	161	170	Dust	chen2
填		162	171	Fill in	tian2
吐		163	172	Spit (v.)	tu3
压	壓	164	173	Pressure (n.)	ya1
p.圭		v1p80	174	p.Bricks	
哇		165	175	Waaah!	wa5
寸		166	176	Chinese inch	cun4
封		167	177	Seal (v.)	feng1
时	時	168	178	Time	shi2
寺		169	179	Buddhist temple	si4
火		170	180	Fire	huo3
灭	滅	171	181	Destroy	mie4
灰		172	182	Ashes	hui1
烦	煩	173	183	Vexed	fan2
炎		174	184	Inflammation	yan2
淡		175	185	Thin (adj.)	dan4
灯	燈	176	186	Lamp	deng1
点	點	177	187	Spot (n.)	dian3
照		178	188	Illuminate	zhao4
里	裡	179	189	Li	li3
量		180	190	Quantity	liang4
埋		181	191	Bury	mai2
黑		182	192	Black	hei1
墨		183	193	Black Ink	mo4
p.冂		v1p88	194	p.Hood	
冒		184	195	Risk (v.)	mao4
同		185	196	Same	tong2
洞		186	197	Cave	dong4
丽	麗	187	198	Lovely	li4
向		188	199	Orientation	xiang4
响	響	189	200	Echo (n.)	xiang3
尚		190	201	Esteem (v.)	shang4
p.宀		v1p90	202	p.House	
字		191	203	Character	zi4
守		192	204	Guard (v.)	shou3
完		193	205	Finish (v.)	wan2
灾	災	194	206	Disaster	zai1
宣		195	207	Proclaim	xuan1
宵		196	208	Nighttime	xiao1
安		197	209	Peaceful	an1
宴		198	210	Banquet	yan4
寄		199	211	Mail (v.)	ji4
富		200	212	Wealthy	fu4
贮	貯	201	213	Store up	zhu4
木		202	214	Tree	mu4
林		203	215	Woods	lin2
森		204	216	Forest	sen1
梦	夢	205	217	Dream (n.)	meng4
机	機	206	218	Machine	ji1
植		207	219	Plant (v.)	zhi2
杏		208	220	Apricot	xing4
呆		209	221	Dim-witted	dai1
枯		210	222	Withered	ku1
村		211	223	Village	cun1
相		212	224	One another	xiang1
本		213	225	Notebook	ben3
案		214	226	Case	an4
未		215	227	Not yet	wei4
末		216	228	Last	mo4
沫		217	229	Foam	mo4
味		218	230	Flavor	wei4
妹		219	231	Younger sister	mei4
查		220	232	Investigate	cha2
渣		221	233	Sediment	zha1
染		222	234	Dye	ran3
李		223	235	Plum	li3
桌		224	236	Table	zhuo1
杂	雜	225	237	Miscellaneous	za2
p.艹		v1p100	238	p.Flower	
若		226	239	As if	ruo4
草		227	240	Grass	cao3
艺	藝	228	241	Technique	yi4
苦		229	242	Suffering	ku3
宽	寬	230	243	Wide	kuan1
莫		231	244	Nobody	mo4
模		232	245	Imitate	mo2
漠		233	246	Desert	mo4
墓		234	247	Grave	mu4
苗		235	248	Seedling	miao2
瞄		236	249	Aim	miao2
兆		237	250	Portent	zhao4
桃		238	251	Peach	tao2
犬		239	252	Pooch	quan3
尤		240	253	Remarkable	you2
厌	厭	241	254	Detest	yan4
状	狀	242	255	State of affairs	zhuang4
妆	妝	243	256	Put on makeup	zhuang1
将	將	244	257	General (military rank)	jiang4
获	獲	245	258	Seize	huo4
默		246	259	Silent	mo4
然		247	260	Sort of thing	ran2
p.		v1p111	261	p.Chatterbox	
哭		248	262	Cry (v.)	ku1
器		249	263	Utensil	qi4
臭		250	264	Stinking	chou4
狗		251	265	Dog	gou3
牛		252	266	Cow	niu2
特		253	267	Special	te4
告		254	268	Declare	gao4
浩		255	269	Vast	hao4
先		256	270	Before	xian1
洗		257	271	Wash (v.)	xi3
p.		v1p115-1	272	p.Umbrella	
个	個	258	273	Individual	ge4
p.		v1p115-2	274	p.Crutches	
介		259	275	Introduce	jie4
界		260	276	World	jie4
茶		261	277	Tea	cha2
p.亼		v1p117	278	p.Meeting	
合		262	279	Fit (v.)	he2
哈		263	280	Ha!	ha1
塔		264	281	Pagoda	ta3
王		265	282	King	wang2
玉		266	283	Jade	yu4
宝	寶	267	284	Treasure (n.)	bao3
球		268	285	Ball	qiu2
现	現	269	286	Present (adj.)	xian4
玩		270	287	Play (v.)	wan2
狂		271	288	Crazy	kuang2
皇		272	289	Emperor	huang2
煌		273	290	Resplendent	huang2
呈		274	291	Submit	cheng2
全		275	292	Whole	quan2
理		276	293	Logic	li3
主		277	294	Lord	zhu3
注		278	295	Pour	zhu4
金		279	296	Gold	jin1
钟	鐘	280	297	Bell	zhong1
铜	銅	281	298	Copper	tong2
钓	釣	282	299	Go fishin’	diao4
针	針	283	300	Needle	zhen1
钉	釘	284	301	Nail (n.)	ding1
铭	銘	285	302	Inscription	ming2
镇	鎮	286	303	At ease	zhen4
p.⻌		v1p128	304	p.Road	
道		287	305	Way	dao4
达	達	288	306	Reach (v.)	da2
远	遠	289	307	Distant	yuan3
适	適	290	308	Suitable	shi4
过	過	291	309	Cross (v.)	guo4
迈	邁	292	310	Stride	mai4
迅		293	311	Speedy	xun4
造		294	312	Create	zao4
逃		295	313	Escape (v.)	tao2
巡		296	314	Patrol (v.)	xun2
选	選	297	315	Choose	xuan3
逊	遜	298	316	Modest	xun4
逛		299	317	Stroll	guang4
车	車	300	318	Car	che1
连	連	301	319	One after another	lian2
莲	蓮	302	320	Lotus	lian2
p.刖		v1p131	321	p.Butcher	
前		303	322	In front	qian2
剪		304	323	Shears	jian3
p.俞		v1p132	324	p.Slaughterhouse	
输	輸	305	325	Transport	shu1
逾		306	326	Exceed	yu2
p.夂		v1p133	327	p.Walking legs	
条	條	307	328	Strip (n.)	tiao2
处	處	308	329	Location	chu4
各		309	330	Each	ge4
格		310	331	Pattern	ge2
略		311	332	Abbreviation	lüe4
客		312	333	Guest	ke4
额	額	313	334	Forehead	e2
夏		314	335	Summer	xia4
洛		315	336	L.A.	luo4
落		316	337	Fall (v.)	luo4
备	備	317	338	Prepare	bei4
p.		v1p136	339	p.Crown	
冗		318	340	Superfluous	rong3
沉		319	341	Profound	chen2
军	軍	320	342	Army	jun1
辉	輝	321	343	Radiance	hui1
p.亠		v1p137-1	344	p.Top hat	
p.亢		v1p137-2	345	p.Whirlwind	
冠		322	346	Crown	guan1
坑		323	347	Pit (n.)	keng1
亩	畝	324	348	Chinese acre	mu3
高		325	349	Tall	gao1
享		326	350	Enjoy	xiang3
熟		327	351	Ripe	shu2
亭		328	352	Pavilion	ting2
亮		329	353	Shiny	liang4
京		330	354	Capital	jing1
景		331	355	Scenery	jing3
就		332	356	At once	jiu4
p.		v1p140	357	p.Lidded crock	
周	週	333	358	Circumference	zhou1
士		334	359	Soldier	shi4
吉		335	360	Lucky	ji2
壮	壯	336	361	Robust	zhuang4
p.		v1p142	362	p.Schoolhouse	
学	學	337	363	Study (v.)	xue2
觉	覺	338	364	Senses	jue2
p.		v1p143	365	p.Taskmaster	
攻		339	366	Attack	gong1
敌	敵	340	367	Enemy	di2
败	敗	341	368	Fail	bai4
故		342	369	Deliberately	gu4
救		343	370	Rescue (v.)	jiu4
敬		344	371	Revere	jing4
敞		345	372	Spacious	chang3
言		346	373	Say	yan2
警		347	374	Police	jing3
计	計	348	375	Plan (n.)	ji4
让	讓	349	376	Yield	rang4
狱	獄	350	377	Prison	yu4
讨	討	351	378	Condemn	tao3
训	訓	352	379	Instructions	xun4
识	識	353	380	Knowledge	shi2
话	話	354	381	Talk (n.)	hua4
诗	詩	355	382	Poem	shi1
语	語	356	383	Language	yu3
调	調	357	384	Tune (n.)	diao4
谈	談	358	385	Discuss	tan2
p.弋		v1p148	386	p.Arrow	
式		359	387	Style	shi4
试	試	360	388	Test	shi4
戈		361	389	Halberd	ge1
战	戰	362	390	War	zhan4
划	劃	363	391	Scratch (v.)	hua4
或		364	392	Or	huo4
贼	賊	365	393	Burglar	zei2
p.		v1p150-1	394	p.Thanksgiving	
载	載	366	395	Laden	zai4
p.戊		v1p150-2	396	p.Parade	
茂		367	397	Lush	mao4
成		368	398	Turn into	cheng2
城		369	399	City	cheng2
诚	誠	370	400	Sincere	cheng2
p.戌		v1p151	401	p.March	
威		371	402	Might (n.)	wei1
咸		372	403	Salty	xian2
p.戋		v1p152	404	p.Float	
钱	錢	373	405	Coin	qian2
浅	淺	374	406	Shallow	qian3
贱	賤	375	407	Cheap	jian4
尧	堯	376	408	Yao	yao2
烧	燒	377	409	Fever	shao1
晓	曉	378	410	Dawn	xiao3
止		379	411	Stop (v.)	zhi3
步		380	412	Footstep	bu4
涉		381	413	Ford	she4
频	頻	382	414	Repeatedly	pin2
肯		383	415	Agree	ken3
企		384	416	Look forward to	qi3
武		385	417	Military	wu3
赋	賦	386	418	Levy (n.)	fu4
正		387	419	Correct	zheng4
证	證	388	420	Evidence	zheng4
政		389	421	Politics	zheng4
p.		v1p157	422	p.Mending	
定		390	423	Settle on	ding4
走		391	424	Walk	zou3
超		392	425	Transcend	chao1
越		393	426	Surpass	yue4
是		394	427	Be	shi4
题	題	395	428	Topic	ti2
p.廴		v1p159	429	p.Stretch	
延		396	430	Prolong	yan2
诞	誕	397	431	Nativity	dan4
p.聿		v1p160-1	432	p.brush	
建		398	433	Build	jian4
p.疋		v1p160-2	434	p.Zoo	
楚		399	435	Clear (adj.)	chu3
衣		400	436	Clothing	yi1
裁		401	437	Tailor (v.)	cai2
装	裝	402	438	Attire	zhuang1
哀		403	439	Grief	ai1
袁		404	440	Yuan	yuan2
初		405	441	Elementary	chu1
补	補	406	442	Patch (v.)	bu3
衬	襯	407	443	Inner Garments	chen4
农	農	408	444	Agriculture	nong2
浓	濃	409	445	Concentrated	nong2
巾		410	446	Towel	jin1
帅	帥	411	447	Commander	shuai4
师	師	412	448	Teacher	shi1
狮	獅	413	449	Lion	shi1
布		414	450	Cloth	bu4
帜	幟	415	451	Streamer	zhi4
帽		416	452	Hat	mao4
幕		417	453	Curtain	mu4
p.帛		v1p166	454	p.White towel	
棉		418	455	Cotton	mian2
市		419	456	Market	shi4
肺		420	457	Lungs	fei4
p.		v1p167	458	p.Apron	
带	帶	421	459	Sash	dai4
滞	滯	422	460	Stagnant	zhi4
p.		v1p168-1	461	p.Belt	
p.朿		v1p168-2	462	p.Thorn	
刺		423	463	Thorn	ci4
制		424	464	System	zhi4
雨		425	465	Rain	yu3
雷		426	466	Thunder	lei2
霜		427	467	Frost	shuang1
云	雲	428	468	Cloud	yun2
运	運	429	469	Carry	yun4
p.		v1p170	470	p.Ice	
冰		430	471	Ice	bing1
况	況	431	472	Situation	kuang4
冲	衝	432	473	Collide	chong1
减	減	433	474	Reduce	jian3
凉	涼	434	475	Cool	liang2
冬		435	476	Winter	dong1
天		436	477	Heavens	tian1
吴	吳	437	478	Wu	wu2
娱	娛	438	479	Amusement	yu2
误	誤	439	480	Error	wu4
夭		440	481	Die young	yao1
乔	喬	441	482	Pretend	qiao2
桥	橋	442	483	Bridge	qiao2
娇	嬌	443	484	Attractive	jiao1
立		444	485	Standing up	li4
泣		445	486	Weep	qi4
站		446	487	Station	zhan4
章		447	488	Chapter	zhang1
竞	競	448	489	Compete	jing4
帝		449	490	Sovereign	di4
童		450	491	Juvenile (n.)	tong2
商		451	492	Salesman	shang1
p.啇		v1p175	493	p.Antique	
滴		452	494	Drip (v.)	di1
匕		453	495	Ancient Spoon	bi3
北		454	496	North	bei3
背		455	497	Back (n.)	bei4
比		456	498	Compare	bi3
昆		457	499	Descendants	kun1
混		458	500	Mix (v.)	hun4
皆		459	501	All	jie1
此		460	502	This (literary)	ci3
些		461	503	Somewhat	xie1
它		462	504	It	ta1
旨		463	505	Purpose	zhi3
脂		464	506	Grease	zhi1
p.仑		v1p178	507	p.Lifeguard	
论	論	465	508	Theory	lun4
轮	輪	466	509	Wheel	lun2
p.		v1p179	510	p.Reclining	
每		467	511	Every	mei3
梅		468	512	Small Plum	mei2
海		469	513	Sea	hai3
乞		470	514	Beg	qi3
吃		471	515	Eat	chi1
复		472	516	Duplicate (v.)	fu4
腹		473	517	Abdomen	fu4
欠		474	518	Lack (v.)	qian4
吹		475	519	Blow (v.)	chui1
歌		476	520	Song	ge1
软	軟	477	521	Soft	ruan3
次		478	522	Next	ci4
资	資	479	523	Assets	zi1
姿		480	524	Looks	zi1
咨	諮	481	525	Consult with	zi1
p.咅		v1p183	526	p.Muzzle	
赔	賠	482	527	Compensate	pei2
培		483	528	Cultivate	pei2
音		484	529	Sound	yin1
暗		485	530	Dark	an4
韵	韻	486	531	Rhyme (n.)	yun4
竟		487	532	Unexpectedly	jing4
镜	鏡	488	533	Mirror	jing4
境		489	534	Boundary	jing4
亡		490	535	Deceased	wang2
盲		491	536	Blind	mang2
妄		492	537	Absurd	wang4
望		493	538	Expect	wang4
方		494	539	Direction	fang1
妨		495	540	Hinder	fang2
放		496	541	Release	fang4
激		497	542	Excite	ji1
旁		498	543	Side	pang2
兑	兌	499	544	Convert	dui4
脱	脫	500	545	Undress	tuo1
说	說	501	546	Speak	shuo1
曾		502	547	Formerly	ceng2
增		503	548	Increase (v.)	zeng1
赠	贈	504	549	Make a present of	zeng4
也		505	550	Also	ye3
她		506	551	She	ta1
地		507	552	Ground	di4
池		508	553	Pond	chi2
虫	蟲	509	554	Insect	chong2
虾	蝦	510	555	Shrimp	xia1
独	獨	511	556	Alone	du2
虽	雖	512	557	Although	sui1
蛇		513	558	Serpent	she2
蛋		514	559	Egg	dan4
己		515	560	Self	ji3
起		516	561	Begin	qi3
改		517	562	Alter	gai3
记	記	518	563	Remember	ji4
已		519	564	Already	yi3
包		520	565	Wrap (v.)	bao1
泡		521	566	Bubbles	pao4
导	導	522	567	Guide (v.)	dao3
顾	顧	523	568	Look Back	gu4
p.豕		v1p198-1	569	p.Sow	
逐		524	570	Pursue	zhu2
家		525	571	House	jia1
p.		v1p198-2	572	p.Piglets	
场	場	526	573	Site	chang3
汤	湯	527	574	Soup	tang1
羊		528	575	Sheep	yang2
美		529	576	Beautiful	mei3
洋		530	577	Ocean	yang2
鲜	鮮	531	578	Fresh	xian1
样	樣	532	579	Appearance	yang4
兰	蘭	533	580	Orchid	lan2
烂	爛	534	581	Spoiled	lan4
p.⺶		v1p200	582	p.Wool	
差		535	583	Fall short of	cha4
着	著	536	584	-ing	zhe5
养	養	537	585	Raise (v.)	yang3
p.隹		v1p201	586	p.Turkey	
集		538	587	Gather	ji2
准	準	539	588	Standard (n.)	zhun3
谁	誰	540	589	Who?	shei2
售		541	590	Vend	shou4
午		542	591	Noon	wu3
许	許	543	592	Permit (v.)	xu3
羽		544	593	Feathers	yu3
习	習	545	594	Learn	xi2
翔		546	595	Soar	xiang2
p.囗		v1p205	596	p.Pent in	
困		547	597	Trapped	kun4
固		548	598	Solid	gu4
国	國	549	599	Country	guo2
圆	圓	550	600	Round	yuan2
因		551	601	Cause (n.)	yin1
烟	煙	552	602	Smoke (n.)	yan1
园	園	553	603	Park (n.)	yuan2
回		554	604	Return (v.)	hui2
图	圖	555	605	Picture (n.)	tu2
广	廣	556	606	Extensive	guang3
店		557	607	Store (n.)	dian4
库	庫	558	608	Warehouse	ku4
裤	褲	559	609	Trousers	ku4
床		560	610	Bed	chuang2
麻		561	611	Hemp	ma2
庄	莊	562	612	Hamlet	zhuang1
心		563	613	Heart	xin1
忘		564	614	Forget	wang4
忍		565	615	Endure	ren3
总	總	566	616	General (adj.)	zong3
态	態	567	617	Attitude	tai4
志		568	618	Aspiration	zhi4
思		569	619	Consider	si1
恩		570	620	Kindness	en1
愿	願	571	621	Wish (n.)	yuan4
意		572	622	Idea	yi4
想		573	623	Think	xiang3
息		574	624	Breath	xi1
恐		575	625	Fear (v.)	kong3
感		576	626	Feel	gan3
憾		577	627	Regret (n.)	han4
忧	憂	578	628	Worried	you1
惊	驚	579	629	Startled	jing1
怕		580	630	Dread (v.)	pa4
忙		581	631	Busy	mang2
惯	慣	582	632	Accustomed to	guan4
必		583	633	Certainly	bi4
手		584	634	Hand	shou3
看		585	635	Look at	kan4
摩		586	636	Rub	mo2
拿		587	637	Hold (v.)	na2
我		588	638	I	wo3
p.		v1p212	639	p.Fingers	
抱		589	640	Embrace (v.)	bao4
抗		590	641	Combat	kang4
批		591	642	Criticize	pi1
招		592	643	Beckon	zhao1
打		593	644	Strike (v.)	da3
指		594	645	Finger	zhi3
持		595	646	Support	chi2
担	擔	596	647	Assume	dan4
括		597	648	Include	kuo4
提		598	649	Bring up	ti2
挥	揮	599	650	Brandish	hui1
推		600	651	Push	tui1
搅	攪	601	652	Stir	jiao3
执	執	602	653	Clench	zhi2
热	熱	603	654	Heat (n./v.)	re4
接		604	655	Welcome (v.)	jie1
挂	掛	605	656	Hang	gua4
按		606	657	Press down on	an4
掉		607	658	Drop (v.)	diao4
拉		608	659	Pull	la1
啦		609	660	!!	la5
找		610	661	Look for	zhao3
无	無	611	662	Nothing	wu2
抚	撫	612	663	Comfort (v.)	fu3
开	開	613	664	Open (v.)	kai1
研		614	665	Grind away	yan2
弄		615	666	Play with	nong4
异	異	616	667	Different	yi4
鼻		617	668	Nose	bi2
刑		618	669	Punishment	xing2
型		619	670	Mold (v.)	xing2
才		620	671	Genius	cai2
财	財	621	672	Riches	cai2
团	團	622	673	Troupe	tuan2
存		623	674	Deposit (v.)	cun2
在		624	675	At	zai4
乃		625	676	Only then	nai3
奶		626	677	Milk	nai3
及		627	678	Catch up with	ji2
吸		628	679	Inhale	xi1
极	極	629	680	Extreme (n.)	ji2
p.		v1p217	681	p.Tucked under the arm	
史		630	682	History	shi3
更		631	683	Even more	geng4
硬		632	684	Hard	ying4
又		633	685	Again	you4
圣	聖	634	686	Holy	sheng4
友		635	687	Friend	you3
双	雙	636	688	Pair	shuang1
汉	漢	637	689	Han	han4
戏	戲	638	690	Frolic	xi4
观	觀	639	691	Observe	guan1
欢	歡	640	692	Joyous	huan1
怪		641	693	Peculiar	guai4
对	對	642	694	That's right	dui4
树	樹	643	695	Timber	shu4
难	難	644	696	Difficult	nan2
摊	攤	645	697	Vendor’s stand	tan1
p.殳		v1p220	698	p.Missile	
投		646	699	Throw (v.)	tou2
没	沒	647	700	Not have	mei2
设	設	648	701	Establish	she4
股		649	702	Thigh	gu3
支		650	703	Offshoot	zhi1
技		651	704	Skill	ji4
枝		652	705	Branch	zhi1
叔		653	706	Uncle	shu1
督		654	707	Superintend	du1
寂		655	708	Lonely	ji4
p.		v1p221	709	p.Drag	
反		656	710	Against	fan3
板		657	711	Plank	ban3
返		658	712	Go back	fan3
后	後	659	713	Behind	hou4
质	質	660	714	Quality	zhi4
派		661	715	Faction	pai4
乐	樂	662	716	Music	yue4
爪		663	717	Claw (n.)	zhao3
抓		664	718	Grab	zhua1
采	採	665	719	Pick (v.)	cai3
菜		666	720	Vegetable	cai4
p.		v1p223-1	721	p.Birdhouse	
受		667	722	Accept	shou4
授		668	723	Confer	shou4
爱	愛	669	724	Love (n./v.)	ai4
p.厶		v1p223-2	725	p.Elbow	
么	麼	670	726	(suffix)	me5
雄		671	727	Grand	xiong2
台		672	728	Platform	tai2
治		673	729	Govern	zhi4
始		674	730	Commence	shi3
去		675	731	Go	qu4
法		676	732	Method	fa3
p.		v1p224	733	p.Wall	
会	會	677	734	Meeting	hui4
至		678	735	Until	zhi4
室		679	736	Room	shi4
到		680	737	Arrive	dao4
互		681	738	Mutual	hu4
p.		v1p225	739	p.Infant	
充		682	740	Sufficient	chong1
育		683	741	Education	yu4
p.㐬		v1p226-1	742	p.Baby Moses	
流		684	743	Flow (v.)	liu2
梳		685	744	Comb (n.)	shu1
p.勾		v1p226-2	745	p.Cast	
购	購	686	746	Purchase (v.)	gou4
构	構	687	747	Frame (v.)	gou4
山		688	748	Mountain	shan1
出		689	749	Exit (v.)	chu1
础	礎	690	750	Foundation	chu3
岁	歲	691	751	Years of age	sui4
密		692	752	Secret (adj.)	mi4
入		693	753	Enter	ru4
分		694	754	Part (n./v.)	fen1
贫	貧	695	755	Impoverished	pin2
公		696	756	Public	gong1
松		697	757	Pine Tree	song1
谷		698	758	Valley	gu3
浴		699	759	Bathe	yu4
欲		700	760	Desire (n./v.)	yu4
容		701	761	Contain	rong2
溶		702	762	Dissolve	rong2
p.		v1p230	763	p.Outhouse	
赏	賞	703	764	Prize (n.)	shang3
党	黨	704	765	Political Party	dang3
常		705	766	Often	chang2
堂		706	767	Main Room	tang2
皮		707	768	Covering	pi2
波		708	769	Waves	bo1
婆		709	770	Old woman	po2
破		710	771	Break (v.)	po4
被		711	772	Quilt (n.)	bei4
歹		712	773	Malicious	dai3
列		713	774	Line up	lie4
烈		714	775	Intense	lie4
死		715	776	Death	si3
葬		716	777	Inter (v.)	zang4
耳		717	778	Ear	er3
取		718	779	Take	qu3
趣		719	780	Interest	qu4
最		720	781	Most	zui4
职	職	721	782	Job	zhi2
敢		722	783	Brave	gan3
曼		723	784	Drawn out	man4
慢		724	785	Slow	man4
漫		725	786	Overflow (v.)	man4
夫		726	787	Husband	fu1
规	規	727	788	Regulations	gui1
替		728	789	Replace	ti4
失		729	790	Lose	shi1
铁	鐵	730	791	Iron	tie3
臣		731	792	Feudal Official	chen2
力		732	793	Power	li4
边	邊	733	794	Border	bian1
势	勢	734	795	Force (n.)	shi4
动	動	735	796	Move	dong4
励	勵	736	797	Encourage	li4
历	歷	737	798	Experience (n./v.)	li4
另		738	799	Another	ling4
别	別	739	800	Don’t	bie2
拐		740	801	Turn (v.)	guai3
男		741	802	Male	nan2
功		742	803	Achievement	gong1
办	辦	743	804	Manage	ban4
协	協	744	805	Cooperate	xie2
苏	蘇	745	806	Revive	su1
为	為	746	807	Act (v.)	wei4
奴		747	808	Slave	nu2
努		748	809	Toil (v.)	nu3
加		749	810	Add	jia1
贺	賀	750	811	Congratulate	he4
架		751	812	Shelf	jia4
务	務	752	813	Tasks	wu4
雾	霧	753	814	Fog	wu4
行		754	815	Line of business	hang2
律		755	816	Law	lü4
得		756	817	Must	dei3
待		757	818	Treat (v.)	dai4
往		758	819	Toward	wang3
微		759	820	Tiny	wei1
街		760	821	Street	jie1
p.		v1p238	822	p.10 commandments	
德		761	823	Morality	de2
禾		762	824	Standing grain	he2
程		763	825	Journey (n.)	cheng2
和		764	826	Harmony	he2
积	積	765	827	Accumulate	ji1
种	種	766	828	Species	zhong3
移		767	829	Shift (v.)	yi2
秋		768	830	Autumn	qiu1
愁		769	831	Gloomy	chou2
揪		770	832	Hold tight	jiu1
利		771	833	Profit (n.)	li4
香		772	834	Perfume	xiang1
季		773	835	Seasons	ji4
委		774	836	Committee	wei3
秀		775	837	Elegant	xiu4
透		776	838	Penetrate	tou4
诱	誘	777	839	Entice	you4
米		778	840	Rice	mi3
粉		779	841	Powder	fen3
迷		780	842	Lost	mi2
谜	謎	781	843	Riddle	mi2
类	類	782	844	Kind (n.)	lei4
来	來	783	845	Come	lai2
p.娄		v1p241	846	p.Bride	
数	數	784	847	Number	shu4
楼	樓	785	848	Multistory building	lou2
竹		786	849	Bamboo	zhu2
笑		787	850	Laugh (v.)	xiao4
箱		788	851	Box	xiang1
等		789	852	Etc.	deng3
算		790	853	Calculate	suan4
答		791	854	Answer (v.)	da2
策		792	855	Strategy	ce4
人		793	856	Person	ren2
认	認	794	857	Recognize	ren4
价	價	795	858	Price	jia4
份		796	859	Portion	fen4
伪	偽	797	860	Bogus	wei3
尔	爾	798	861	You (literary)	er3
你		799	862	You	ni3
您		800	863	You (respectful)	nin2
称	稱	801	864	Weigh	cheng1
什		802	865	What?	shen2
值		803	866	Value (n.)	zhi2
做		804	867	Make	zuo4
但		805	868	However	dan4
住		806	869	Dwell	zhu4
位		807	870	Position (n.)	wei4
件		808	871	Piece	jian4
仍		809	872	Still	reng2
他		810	873	He	ta1
仅	僅	811	874	Merely	jin3
休		812	875	Rest (v.)	xiu1
体	體	813	876	Body	ti3
信		814	877	Faith	xin4
依		815	878	Depend on	yi1
例		816	879	Example	li4
健		817	880	Healthy	jian4
停		818	881	Halt	ting2
倒		819	882	Upside down	dao3
仁		820	883	Benevolence	ren2
优	優	821	884	Excellent	you1
伤	傷	822	885	Wound (n.)	shang1
保		823	886	Safeguard	bao3
堡		824	887	Fort	bao3
付		825	888	Pay (v.)	fu4
府		826	889	Government office	fu3
俯		827	890	Bow one’s head	fu3
代		828	891	Substitute for	dai4
袋		829	892	Bag	dai4
化		830	893	Transform	hua4
华	華	831	894	Splendor	hua2
哗	嘩	832	895	Clamor (n.)	hua2
花		833	896	Flower (n.)	hua1
货	貨	834	897	Commodities	huo4
何		835	898	Whatwhichwhowherewhy?	he2
便		836	899	Convenient	bian4
丈		837	900	100 Chinese inches	zhang4
使		838	901	Use	shi3
久		839	902	Long time	jiu3
内	內	840	903	Internal	nei4
呐	吶	841	904	Holler	na4
丙		842	905	Third	bing3
柄		843	906	Handle (n.)	bing3
肉		844	907	Meat	rou4
腐		845	908	Rotten	fu3
从	從	846	909	Follow	cong2
众	眾	847	910	Multitude	zhong4
坐		848	911	Sit	zuo4
座		849	912	Seat	zuo4
巫		850	913	Witch	wu1
p.曷		v1p251	914	p.Siesta	
喝		851	915	Drink (v.)	he1
渴		852	916	Thirsty	ke3
p.壬		v1p252	917	p.Porter	
任		853	918	Appoint	ren4
廷		854	919	Royal court	ting2
庭		855	920	Court of law	ting2
头	頭	856	921	Head	tou2
实	實	857	922	Reality	shi2
p.乛		v1p253-1	923	p.Beret	
买	買	858	924	Buy	mai3
卖	賣	859	925	Sell	mai4
读	讀	860	926	Read	du2
p.		v1p253-2	927	p.Plow	
以		861	928	By means of	yi3
似		862	929	Similar	si4
并	並	863	930	Combine	bing4
拼		864	931	Piece together	pin1
吕	呂	865	932	Spine	lü3
侣	侶	866	933	Associate (n.)	lü3
p.		v1p254	934	p.Greenhouse	
荣	榮	867	935	Glory	rong2
劳	勞	868	936	Labor (n.)	lao2
营	營	869	937	Camp (n.)	ying2
善		870	938	Virtuous	shan4
年		871	939	Year	nian2
夜		872	940	Night	ye4
液		873	941	Liquid	ye4
p.		v1p256	942	p.Banner	
旅		874	943	Travel (v.)	lü3
施		875	944	Execute	shi1
游	遊	876	945	Go swimming	you2
勿		877	946	Not	wu4
忽		878	947	Suddenly	hu1
物		879	948	Thing	wu4
易		880	949	Easy	yi4
赐	賜	881	950	Grant (v.)	ci4
尸	屍	882	951	Corpse	shi1
尼		883	952	Nun	ni2
呢		884	953	Woolen cloth	ni2
泥		885	954	Mud	ni2
屋		886	955	Habitation	wu1
握		887	956	Grip (v.)	wo4
居		888	957	Reside	ju1
锯	鋸	889	958	Saw (n.)	ju4
剧	劇	890	959	Drama	ju4
据	據	891	960	Certificate	ju4
层	層	892	961	Story	ceng2
局		893	962	Bureau	ju2
尺		894	963	Ruler	chi3
尽	盡	895	964	Exhausted	jin4
户	戶	896	965	Door	hu4
房		897	966	Domicile	fang2
雇	僱	898	967	Hire	gu4
护	護	899	968	Protect	hu4
示		900	969	Show (v.)	shi4
社		901	970	Society	she4
礼	禮	902	971	Ceremony	li3
视	視	903	972	Inspect	shi4
福		904	973	Happiness	fu2
标	標	905	974	Mark (n.)	biao1
禁		906	975	Prohibit	jin4
襟		907	976	Front of a garment	jin1
宗		908	977	Religion	zong1
崇		909	978	Worship (v.)	chong2
祭		910	979	Offer sacrifice	ji4
察		911	980	Scrutinize	cha2
擦		912	981	Scrub	ca1
由		913	982	Wherefore	you2
抽		914	983	Take out	chou1
油		915	984	Oil	you2
甲		916	985	First	jia3
押		917	986	Pawn (v.)	ya1
申		918	987	Express	shen1
伸		919	988	Extend	shen1
神		920	989	Gods	shen2
果		921	990	Fruit	guo3
课	課	922	991	Lesson	ke4
颗	顆	923	992	Granule	ke1
斤		924	993	Catty	jin1
听	聽	925	994	Listen	ting1
所		926	995	Place (n.)	suo3
近		927	996	Near	jin4
斩	斬	928	997	Hew	zhan3
暂	暫	929	998	Temporary	zan4
渐	漸	930	999	Gradually	jian4
断	斷	931	1000	Sever	duan4
折		932	1001	Discount	zhe2
哲		933	1002	Philosopher	zhe2
逝		934	1003	Pass away	shi4
斥		935	1004	Reprimand	chi4
诉	訴	936	1005	Accuse	su4
乍		937	1006	For the first time	zha4
怎		938	1007	How?	zen3
昨		939	1008	Yesterday	zuo2
作		940	1009	Do	zuo4
p.彐		v1p267	1010	p.Broom	
雪		941	1011	Snow (n.)	xue3
灵	靈	942	1012	Spirit	ling2
妇	婦	943	1013	Married woman	fu4
扫	掃	944	1014	Sweep (v.)	sao3
寻	尋	945	1015	Seek	xun2
急		946	1016	Anxious	ji2
当	當	947	1017	Work as	dang1
档	檔	948	1018	Files	dang4
录	錄	949	1019	Record (v.)	lu4
碌		950	1020	Commonplace	lu4
p.		v1p268	1021	p.Rake	
争	爭	951	1022	Contend	zheng1
净	淨	952	1023	Clean (adj.)	jing4
事		953	1024	Matter	shi4
唐		954	1025	Tang	tang2
糖		955	1026	Sugar	tang2
康		956	1027	Hale	kang1
尹		957	1028	Overseer	yin3
伊		958	1029	Queen Elizabeth	yi1
君		959	1030	Monarch	jun1
裙		960	1031	Skirt	qun2
群		961	1032	Crowd (n.)	qun2
而		962	1033	And	er2
需		963	1034	Need (v.)	xu1
儒		964	1035	Confucian	ru2
p.耑		v1p271	1036	p.Prospector	
瑞		965	1037	Auspicious	rui4
端		966	1038	Upright	duan1
曲		967	1039	Bent	qu1
斗	鬥	968	1040	Big Dipper	dou3
料		969	1041	Material	liao4
科		970	1042	Academic Discipline	ke1
p.		v1p273	1043	p.Salad	
昔		971	1044	Times past	xi1
借		972	1045	Borrow	jie4
错	錯	973	1046	Mistaken	cuo4
散		974	1047	Scattered	san3
撒		975	1048	Scatter	sa3
廿		976	1049	Twenty	nian4
p.		v1p274	1050	p.Caverns	
席		977	1051	Mat	xi2
度		978	1052	Degrees	du4
渡		979	1053	Ferry (n. / v.)	du4
半		980	1054	Half	ban4
伴		981	1055	Partner	ban4
胖		982	1056	Fat (adj.)	pang4
判		983	1057	Judge (v.)	pan4
p.		v1p275	1058	p.Quarter	
眷		984	1059	Dependents	juan4
拳		985	1060	Boxing	quan2
片		986	1061	Slice (n.)	pian4
版		987	1062	Printing plate	ban3
之		988	1063	Of	zhi1
乏		989	1064	Weary	fa2
眨		990	1065	Blink	zha3
不		991	1066	No	bu4
否		992	1067	Negate	fou3
坏	壞	993	1068	Bad	huai4
环	環	994	1069	Ring	huan2
杯		995	1070	Cup	bei1
还	還	996	1071	Give back	huan2
怀	懷	997	1072	Cherish	huai2
矢		998	1073	Dart	shi3
族		999	1074	Tribe	zu2
知		1000	1075	Know	zhi1
智		1001	1076	Wisdom	zhi4
矛		1002	1077	Spear (n.)	mao2
柔		1003	1078	Gentle	rou2
揉		1004	1079	Knead	rou2
予		1005	1080	Bestow	yu3
序		1006	1081	Preface (n.)	xu4
预	預	1007	1082	Beforehand	yu4
野		1008	1083	Wild	ye3
班		1009	1084	Class	ban1
p.		v1p279	1085	p.Fencing foil	
临	臨	1010	1086	Be about to	lin2
坚	堅	1011	1087	Firm (adj.)	jian1
贤	賢	1012	1088	Worthy	xian2
弓		1013	1089	Bow (n.) (weapon)	gong1
引		1014	1090	Draw	yin3
弥	彌	1015	1091	Fill (v.)	mi2
强	強	1016	1092	Strong	qiang2
弱		1017	1093	Weak	ruo4
单	單	1018	1094	List (n.)	dan1
弹	彈	1019	1095	Bullet	dan4
p.弗		v1p281	1096	p.Dollar sign	
费	費	1020	1097	Expense	fei4
佛		1021	1098	Buddha	fo2
弟		1022	1099	Younger brother	di4
第		1023	1100	No.	di4
p.丂		v1p282	1101	p.Snare	
巧		1024	1102	Adroit	qiao3
号	號	1025	1103	Appellation	hao4
身		1026	1104	Somebody	shen1
射		1027	1105	Shoot	she4
谢	謝	1028	1106	Thank	xie4
老		1029	1107	Old man	lao3
p.		v1p284-1	1108	p.Slingshot	
考		1030	1109	Take an exam	kao3
烤		1031	1110	Roast (v.)	kao3
p.		v1p284-2	1111	p.Pointed tail	
与	與	1032	1112	Offer	yu3
写	寫	1033	1113	Write	xie3
泻	瀉	1034	1114	Diarrhea	xie4
孝		1035	1115	Filial piety	xiao4
教		1036	1116	Teach	jiao1
者		1037	1117	Someone	zhe3
著		1038	1118	Author (v.)	zhu4
猪	豬	1039	1119	Pig	zhu1
p.		v1p285	1120	p.Maestro	
追		1040	1121	Chase	zhui1
官		1041	1122	Bureaucrat	guan1
管		1042	1123	Pipe	guan3
父		1043	1124	Father	fu4
交		1044	1125	Mingle	jiao1
效		1045	1126	Effect (n.)	xiao4
较	較	1046	1127	Relatively	jiao4
校		1047	1128	School	xiao4
足		1048	1129	Lower leg	zu2
跑		1049	1130	Run	pao3
跳		1050	1131	Jump (v.)	tiao4
路		1051	1132	Path	lu4
露		1052	1133	Dew	lu4
骨		1053	1134	Skeleton	gu3
滑		1054	1135	Slippery	hua2
p.⻖		v1p288	1136	p.Pinnacle	
阿		1055	1137	Apollo	a1
啊		1056	1138	Aah!	a1
随	隨	1057	1139	As you wish	sui2
阳	陽	1058	1140	Yang	yang2
阴	陰	1059	1141	Yin	yin1
荫	蔭	1060	1142	Shady	yin4
防		1061	1143	Ward off	fang2
附		1062	1144	Attach	fu4
际	際	1063	1145	Occasion	ji4
阶	階	1064	1146	Stairs	jie1
院		1065	1147	Inst.	yuan4
阵	陣	1066	1148	Battle formation	zhen4
队	隊	1067	1149	Team	dui4
坠	墜	1068	1150	Crash (v.)	zhui4
降		1069	1151	Descend	jiang4
穴		1070	1152	Hole	xue2
究		1071	1153	Research	jiu1
突		1072	1154	Abruptly	tu1
空		1073	1155	Empty	kong1
控		1074	1156	Control (v.)	kong4
p.		v1p290	1157	p.Paper punch	
深		1075	1158	Deep	shen1
探		1076	1159	Spy (n.)	tan4
丘		1077	1160	Hill	qiu1
兵		1078	1161	Troops	bing1
p.		v1p292	1162	p.Thread	
丝	絲	1079	1163	Silk	si1
织	織	1080	1164	Weave (v.)	zhi1
线	線	1081	1165	Line	xian4
维	維	1082	1166	Maintain	wei2
统	統	1083	1167	Overall	tong3
给	給	1084	1168	Give	gei3
结	結	1085	1169	Tie (v.)	jie2
终	終	1086	1170	End (n.)	zhong1
级	級	1087	1171	Rank (n.)	ji2
纪	紀	1088	1172	Epoch	ji4
红	紅	1089	1173	Red	hong2
约	約	1090	1174	Make an appointment	yue1
细	細	1091	1175	Fine (adj.)	xi4
纵	縱	1092	1176	Vertical	zong4
绿	綠	1093	1177	Green	lü4
p.		v1p294-1	1178	p.Spool	
经	經	1094	1179	Scripture	jing1
轻	輕	1095	1180	Lightweight	qing1
续	續	1096	1181	Continue	xu4
继	繼	1097	1182	Carry on	ji4
药	藥	1098	1183	Medicine	yao4
p.幺		v1p294-2	1184	p.Cocoon	
p.糸		v1p295	1185	p.Floss	
系		1099	1186	Lineage	xi4
紧	緊	1100	1187	Tight	jin3
p.		v1p296	1188	p.Stamp	
却	卻	1101	1189	Withdraw	que4
脚	腳	1102	1190	Foot	jiao3
服		1103	1191	Apparel	fu2
报	報	1104	1192	Newspaper	bao4
命		1105	1193	Fate	ming4
p.		v1p297-1	1194	p.Letter opener	
贸	貿	1106	1195	Trade (n.)	mao4
留		1107	1196	Stay (v.)	liu2
溜		1108	1197	Slide (v.)	liu1
聊		1109	1198	Chat (v.)	liao2
柳		1110	1199	Willow	liu3
p.		v1p297-2	1200	p.Chop	
节	節	1111	1201	Holiday	jie2
卫	衛	1112	1202	Defend	wei4
令		1113	1203	Orders	ling4
冷		1114	1204	Cold	leng3
零		1115	1205	Zero	ling2
领	領	1116	1206	Collar	ling3
p.甬		v1p298	1207	p.Chop-rack	
通		1117	1208	Communicate	tong1
勇		1118	1209	Courageous	yong3
p.巳		v1p299-1	1210	p.Fingerprint	
仓	倉	1119	1211	Storehouse	cang1
枪	槍	1120	1212	Gun	qiang1
创	創	1121	1213	Initiate	chuang4
犯		1122	1214	Criminal	fan4
危		1123	1215	Danger	wei1
脆		1124	1216	Fragile	cui4
p.		v1p299-2	1217	p.Staples	
印		1125	1218	Print (n./v.)	yin4
p.酉		v1p300	1219	p.Whiskey bottle	
酒		1126	1220	Liquor	jiu3
配		1127	1221	Distribute	pei4
酋		1128	1222	Chieftain	qiu2
尊		1129	1223	Venerate	zun1
遵		1130	1224	Abide by	zun1
豆		1131	1225	Beans	dou4
短		1132	1226	Short	duan3
厨	廚	1133	1227	Kitchen	chu2
p.壴		v1p301-1	1228	p.Drum	
鼓		1134	1229	Drum (n.)	gu3
喜		1135	1230	Joyful	xi3
p.皿		v1p301-2	1231	p.Dish	
血		1136	1232	Blood	xue4
盖	蓋	1137	1233	Lid	gai4
温	溫	1138	1234	Temperature	wen1
监	監	1139	1235	Supervise	jian1
篮	籃	1140	1236	Basket	lan2
蓝	藍	1141	1237	Blue	lan2
p.艮		v1p302	1238	p.Silver	
银	銀	1142	1239	Silver	yin2
跟		1143	1240	Heel	gen1
很		1144	1241	Very	hen3
根		1145	1242	Root	gen1
即		1146	1243	Immediately	ji2
退		1147	1244	Retreat	tui4
腿		1148	1245	Leg	tui3
限		1149	1246	Limit (n./v.)	xian4
眼		1150	1247	Eyelet	yan3
良		1151	1248	High-quality	liang2
浪		1152	1249	Breakers	lang4
娘		1153	1250	Mom	niang2
食		1154	1251	Food	shi2
饭	飯	1155	1252	Meal	fan4
餐		1156	1253	Dine	can1
馆	館	1157	1254	Bldg.	guan3
p.旡		v1p304	1255	p.waitress	
既		1158	1256	Since	ji4
概		1159	1257	Approximate	gai4
平		1160	1258	Even	ping2
评	評	1161	1259	Evaluate	ping2
坪		1162	1260	Level ground	ping2
乎		1163	1261	Ooh!	hu1
呼		1164	1262	Shout (v.)	hu1
p.乂		v1p307	1263	p.Sheaf	
希		1165	1264	Hope (v.)	xi1
稀		1166	1265	Scarce	xi1
杀	殺	1167	1266	Kill	sha1
风	風	1168	1267	Wind	feng1
讽	諷	1169	1268	Mock	feng3
冈	岡	1170	1269	Ridge of a hill	gang1
刚	剛	1171	1270	Just now	gang1
网	網	1172	1271	Net	wang3
p.凵		v1p308-1	1272	p.Pit	
画	畫	1173	1273	Drawing	hua4
凶	兇	1174	1274	Cruel	xiong1
胸		1175	1275	Bosom	xiong1
p.		v1p308-2	1276	p.Fagin	
脑	腦	1176	1277	Brain	nao3
恼	惱	1177	1278	Annoyed	nao3
离	離	1178	1279	Leave (v.)	li2
禽		1179	1280	Fowl	qin2
义	義	1180	1281	Righteousness	yi4
议	議	1181	1282	Deliberate (v.)	yi4
蚁	蟻	1182	1283	Ant	yi3
辛		1183	1284	Peppery	xin1
辩	辯	1184	1285	Dispute	bian4
辟	闢	1185	1286	Repudiate	pi4
壁		1186	1287	Partition (n.)	bi4
避		1187	1288	Evade	bi4
亲	親	1188	1289	Relatives	qin1
新		1189	1290	New	xin1
薪		1190	1291	Fuel	xin1
幸		1191	1292	Good fortune	xing4
p.		v1p310	1293	p.Cornucopia	
叫		1192	1294	Call (v.)	jiao4
收		1193	1295	Receive	shou1
亥		1194	1296	Sign of the Hog	hai4
核		1195	1297	Nucleus	he2
孩		1196	1298	Tot	hai2
刻		1197	1299	Carve	ke4
该	該	1198	1300	Should	gai1
术	術	1199	1301	Art	shu4
述		1200	1302	Narrate	shu4
p.		v1p312	1303	p.Wire mesh	
襄		1201	1304	Aid (v.)	xiang1
壤		1202	1305	Territory	rang3
p.		v1p313	1306	p.Hamster cage	
寒		1203	1307	Frigid	han2
赛	賽	1204	1308	Competition	sai4
p.		v1p314	1309	p.Grow up	
毒		1205	1310	Poison (n.)	du2
麦	麥	1206	1311	Wheat	mai4
素		1207	1312	Vegetarian diet	su4
青		1208	1313	Blue or green	qing1
精		1209	1314	Refined	jing1
请	請	1210	1315	Invite	qing3
情		1211	1316	Feelings	qing2
睛		1212	1317	Eyeball	jing1
清		1213	1318	Pure	qing1
静	靜	1214	1319	Quiet	jing4
责	責	1215	1320	Responsibility	ze2
绩	績	1216	1321	Accomplishments	ji4
表		1217	1322	Surface (n.)	biao3
生		1218	1323	Life	sheng1
星		1219	1324	Star	xing1
姓		1220	1325	Surname	xing4
性		1221	1326	Sex	xing4
胜	勝	1222	1327	Victory	sheng4
丰	豐	1223	1328	Plentiful	feng1
害		1224	1329	Harm (n.)	hai4
割		1225	1330	Cut off	ge1
慧		1226	1331	Intelligent	hui4
韦	韋	1227	1332	Tanned hide	wei2
围	圍	1228	1333	Surround	wei2
伟	偉	1229	1334	Great	wei3
p.		v1p317	1335	p.Bonsai	
春		1230	1336	Springtime	chun1
泰		1231	1337	Tranquil	tai4
p.		v1p318	1338	p.Cornstalk	
奉		1232	1339	Proffer	feng4
棒		1233	1340	Cudgel (n.)	bang4
击	擊	1234	1341	Beat (v.)	ji1
陆	陸	1235	1342	Land	lu4
专	專	1236	1343	Specialty	zhuan1
传	傳	1237	1344	Spread (v.)	chuan2
转	轉	1238	1345	Rotate	zhuan4
p.堇		v1p319-1	1346	p.Spinach	
勤		1239	1347	Diligent	qin2
谨	謹	1240	1348	Careful	jin3
p.		v1p319-2	1349	p.Silage	
垂		1241	1350	Droop	chui2
锤	錘	1242	1351	Hammer (n.)	chui2
睡		1243	1352	Sleep	shui4
今		1244	1353	Now	jin1
含		1245	1354	Harbor (v.)	han2
念		1246	1355	Miss (v.)	nian4
东	東	1247	1356	East	dong1
栋	棟	1248	1357	Building	dong4
冻	凍	1249	1358	Freeze (v.)	dong4
陈	陳	1250	1359	Exhibit (v.)	chen2
练	練	1251	1360	Practice (v.)	lian4
拣	揀	1252	1361	Opt for	jian3
西		1253	1362	West	xi1
要		1254	1363	Want	yao4
腰		1255	1364	Waist	yao1
票		1256	1365	Ticket	piao4
漂		1257	1366	Drift (v.)	piao4
贾	賈	1258	1367	Merchant	gu3
南		1259	1368	South	nan2
门	門	1260	1369	Gate	men2
们	們	1261	1370	(plural)	men5
闲	閒	1262	1371	Leisure	xian2
问	問	1263	1372	Ask	wen4
间	間	1264	1373	Interval	jian4
简	簡	1265	1374	Simple	jian3
闻	聞	1266	1375	Hear	wen2
非		1267	1376	Non-	fei1
排		1268	1377	Row	pai2
罪		1269	1378	Guilt	zui4
靠		1270	1379	Lean on	kao4
p.		v1p325	1380	p.Key	
侯		1271	1381	Marquis	hou2
候		1272	1382	Wait (v.)	hou4
p.夬		v1p326	1383	p.Guillotine	
决	決	1273	1384	Decide	jue2
快		1274	1385	Fast (adj.)	kuai4
块	塊	1275	1386	Lump	kuai4
筷		1276	1387	Chopsticks	kuai4
干	幹	1277	1388	Dry (adj.)	gan1
岸		1278	1389	Shore	an4
旱		1279	1390	Drought	han4
赶	趕	1280	1391	Hurry	gan3
于	於	1281	1392	Yu	yu2
宇		1282	1393	Eaves	yu3
余	餘	1283	1394	Excess	yu2
除		1284	1395	Eliminate	chu2
途		1285	1396	Route	tu2
束		1286	1397	Bundle up	shu4
速		1287	1398	Quick	su4
辣		1288	1399	Spicy Hot	la4
整		1289	1400	Entire	zheng3
重		1290	1401	Heavy	zhong4
懂		1291	1402	Understand	dong3
p.		v1p330-1	1403	p.Sickness	
病		1292	1404	Illness	bing4
痛		1293	1405	Ache (v.)	tong4
疯	瘋	1294	1406	Insane	feng1
p.匚		v1p330-2	1407	p.Box	
区	區	1295	1408	Region	qu1
枢	樞	1296	1409	Hub	shu1
欧	歐	1297	1410	Europe	ou1
医	醫	1298	1411	Physician	yi1
p.卬		v1p331-1	1412	p.Stamp collection	
仰		1299	1413	Look up to	yang3
迎		1300	1414	Greet	ying2
p.		v1p331-2	1415	p.Teepee	
登		1301	1416	Ascend	deng1
发	發	1302	1417	Send out	fa1
废	廢	1303	1418	Discard	fei4
p.		v1p333	1419	p.Rooster tail	
形		1304	1420	Shape (n.)	xing2
影		1305	1421	Shadow	ying3
彩		1306	1422	Hue	cai3
须	須	1307	1423	Have to	xu1
参	參	1308	1424	Participate	can1
惨	慘	1309	1425	Wretched	can3
修		1310	1426	Repair (v.)	xiu1
p.㐱		v1p334	1427	p.Cocktail	
珍		1311	1428	Rare	zhen1
产	產	1312	1429	Products	chan3
彦	彥	1313	1430	Erudite	yan4
颜	顏	1314	1431	Countenance	yan2
文		1315	1432	Literature	wen2
蚊		1316	1433	Mosquito	wen2
这	這	1317	1434	This	zhe4
齐	齊	1318	1435	Identical	qi2
济	濟	1319	1436	Relieve	ji4
p.		v1p335	1437	p.Sparkler	
率		1320	1438	Rate (n.)	shuai4
摔		1321	1439	Tumble (v.)	shuai1
央		1322	1440	Center	yang1
英		1323	1441	England	ying1
p.奂		v1p336	1442	p.Victorian lady	
唤	喚	1324	1443	Call out	huan4
换	換	1325	1444	Exchange (v.)	huan4
巴		1326	1445	Crust	ba1
把		1327	1446	Grasp (v.)	ba3
爸		1328	1447	Papa	ba4
吧		1329	1448	Bar (n.)	ba1
色		1330	1449	Color	se4
绝	絕	1331	1450	Discontinue	jue2
艳	艷	1332	1451	Gorgeous	yan4
甘		1333	1452	Sweet	gan1
某		1334	1453	Such and such	mou3
其		1335	1454	His-hers-its-theirs	qi2
期		1336	1455	Period of time	qi1
基		1337	1456	Base (n.)	ji1
甚		1338	1457	Tremendously	shen4
斯		1339	1458	Sphinx	si1
p.		v1p339	1459	p.Purse	
贵	貴	1340	1460	Expensive	gui4
遗	遺	1341	1461	Bequeath	yi2
舞		1342	1462	Dance (n./v.)	wu3
且		1343	1463	Moreover	qie3
姐		1344	1464	Older sister	jie3
组	組	1345	1465	Group (n.)	zu3
祖		1346	1466	Ancestor	zu3
助		1347	1467	Assist (v.)	zhu4
p.並		v1p341	1468	p.Side by side	
普		1348	1469	Universal	pu3
业	業	1349	1470	Profession	ye4
显	顯	1350	1471	Obvious	xian3
亚	亞	1351	1472	Asia	ya4
恶	惡	1352	1473	Evil (n./v.)	e4
严	嚴	1353	1474	Strict	yan2
共		1354	1475	Together	gong4
供		1355	1476	Supply (n. / v.)	gong1
巷		1356	1477	Lane	xiang4
港		1357	1478	Port	gang3
井		1358	1479	Well (n.)	jing3
讲	講	1359	1480	Lecture (v.)	jiang3
进	進	1360	1481	Advance (v.)	jin4
用		1361	1482	Utilize	yong4
角		1362	1483	Angle	jiao3
确	確	1363	1484	Reliable	que4
解		1364	1485	Untie	jie3
嘴		1365	1486	Orifice	zui3
再		1366	1487	Once more	zai4
p.冊		v1p344	1488	p.Tome	
扁		1367	1489	Flat	bian3
篇		1368	1490	Piece of writing	pian1
编	編	1369	1491	Compile	bian1
典		1370	1492	Canon	dian3
氏		1371	1493	Family name	shi4
纸	紙	1372	1494	Paper	zhi3
昏		1373	1495	Dusk	hun1
婚		1374	1496	Marriage	hun1
p.氐		v1p346	1497	p.Calling card	
低		1375	1498	Low	di1
底		1376	1499	Bottom	di3
民		1377	1500	People	min2
眠		1378	1501	Slumber (n.)	mian2
甫		1379	1502	Fu	fu3
辅	輔	1380	1503	Supplement (v.)	fu3
p.尃		v1p347	1504	p.Gummed label	
博		1381	1505	Knowledgeable	bo2
搏		1382	1506	Wrestle	bo2
p. 阝		v1p348	1507	p.City walls	
都		1383	1508	Metropolis	du1
部		1384	1509	Department	bu4
郎		1385	1510	Young man	lang2
帮	幫	1386	1511	Help (v.)	bang1
乡	鄉	1387	1512	Countryside	xiang1
p.		v1p349	1513	p.Staple gun	
段		1388	1514	Section (n.)	duan4
锻	鍛	1389	1515	Forge (v.)	duan4
p.		v1p349-2	1516	p.Clothes hanger	
幻		1390	1517	Unreal	huan4
司		1391	1518	Take charge of	si1
词	詞	1392	1519	Word	ci2
书	書	1393	1520	Book	shu1
舟		1394	1521	Boat	zhou1
p.		v1p350	1522	p.Belch	
船		1395	1523	Ship (n.)	chuan2
般		1396	1524	Sort (n.)	ban1
盘	盤	1397	1525	Tray	pan2
搬		1398	1526	Relocate	ban1
瓜		1399	1527	Melon	gua1
孤		1400	1528	Orphan	gu1
益		1401	1529	Benefit (n.)	yi4
p.		v1p353	1530	p.Braces	
假		1402	1531	Vacation	jia4
暇		1403	1532	Spare time	xia2
气	氣	1404	1533	Air	qi4
汽		1405	1534	Vapor	qi4
面		1406	1535	Face-to-face	mian4
革		1407	1536	Leather	ge2
鞋		1408	1537	Shoes	xie2
勒		1409	1538	Tighten	lei1
p.		v1p353	1539	p.Civil war	
馨		1410	1540	Fragrant	xin1
声	聲	1411	1541	Voice	sheng1
承		1412	1542	Undertake	cheng2
蒸		1413	1543	Steam (v.)	zheng1
牙		1414	1544	Tooth	ya2
穿		1415	1545	Pass through	chuan1
呀		1416	1546	Wow!	ya5
p.釆		v1p355	1547	p.Droppings	
释	釋	1417	1548	Explain	shi4
番		1418	1549	Try	fan1
翻		1419	1550	Turn over	fan1
播		1420	1551	Broadcast (v.)	bo1
毛		1421	1552	Fur	mao2
尾		1422	1553	Tail	wei3
笔	筆	1423	1554	Pen	bi3
p.乇		v1p356	1555	p.Fur ball	
托		1424	1556	Entrust	tuo1
宅		1425	1557	Dwelling	zhai2
p.		v1p357	1558	p.Barrette	
展		1426	1559	Unfold	zhan3
丧	喪	1427	1560	Funeral	sang4
长	長	1428	1561	Long	chang2
张	張	1429	1562	Stretch (v.)	zhang1
涨	漲	1430	1563	Swell (v.)	zhang4
p.倠		v1p359-1	1564	p.Birdman	
雁		1431	1565	Wild goose	yan4
p.		v1p359-2	1566	p.Owl	
应	應	1432	1567	Ought to	ying1
兴	興	1433	1568	Excitement	xing4
举	舉	1434	1569	Lift up	ju3
p.佥		v1p359-3	1570	p.Hootenanny	
检	檢	1435	1571	Examine	jian3
脸	臉	1436	1572	Face (n.)	lian3
险	險	1437	1573	Perilous	xian3
鸟	鳥	1438	1574	Bird	niao3
鸡	雞	1439	1575	Chicken	ji1
鹰	鷹	1440	1576	Hawk	ying1
鸭	鴨	1441	1577	Duck (n.)	ya1
岛	島	1442	1578	Island	dao3
p.禺		v1p361-1	1579	p.Talking cricket	
遇		1443	1580	Encounter (v.)	yu4
p.缶		v1p361-2	1581	p.Tin can	
缺		1444	1582	Deficient	que1
p.		v1361-3	1583	p.Can opener	
遥	遙	1445	1584	Remote	yao2
摇	搖	1446	1585	Shake (v.)	yao2
兔		1447	1586	Rabbit	tu4
逸		1448	1587	Flee	yi4
免		1449	1588	Avoid	mian3
晚		1450	1589	Nightfall	wan3
象		1451	1590	Elephant	xiang4
像		1452	1591	Likeness	xiang4
马	馬	1453	1592	Horse	ma3
妈	媽	1454	1593	Mama	ma1
吗	嗎	1455	1594	Yes or no	ma5
骂	罵	1456	1595	Scold (v.)	ma4
验	驗	1457	1596	Check (v.)	yan4
骑	騎	1458	1597	Ride (v.)	qi2
虎		1459	1598	Tiger	hu3
虑	慮	1460	1599	Ponder	lü4
虚	虛	1461	1600	False	xu1
鹿		1462	1601	Deer	lu4
熊		1463	1602	Bear (n.)	xiong2
能		1464	1603	Ability	neng2
寅		1465	1604	Sign of the Tiger	yin2
演		1466	1605	Perform	yan3
辰		1467	1606	Sign of the Dragon	chen2
晨		1468	1607	Morning	chen2
关	關	1469	1608	Shut	guan1
送		1470	1609	Deliver	song4
联	聯	1471	1610	Unite	lian2
鬼		1472	1611	Ghost	gui3
魔		1473	1612	Demon	mo2
龙	龍	1474	1613	Dragon	long2
袭	襲	1475	1614	Raid (v.)	xi2
p.		v1p368	1615	p.Razor wire	
那		1476	1616	That	na4
哪		1477	1617	Which?	na3
两	兩	1478	1618	Dos	liang3
俩	倆	1479	1619	Duo	lia3
满	滿	1480	1620	Full	man3
县	縣	1481	1621	County	xian4
悬	懸	1482	1622	Suspend	xuan2
p.囱		v1p369	1623	p.GPS	
窗		1483	1624	Window	chuang1
电	電	1484	1625	Electricity	dian4
p.奄		v1p370	1626	p.Hang glider	
掩		1485	1627	Conceal	yan3
丑	醜	1486	1628	Clown	chou3
扭		1487	1629	Twist (v.)	niu3
黄	黃	1488	1630	Yellow	huang2
横	橫	1489	1631	Horizontal	heng2
赤		1490	1632	Crimson	chi4
亦		1491	1633	Likewise	yi4
弯	彎	1492	1634	Curved	wan1
湾	灣	1493	1635	Bay	wan1
恋	戀	1494	1636	Be enamored of	lian4
变	變	1495	1637	Change (v.)	bian4
卑		1496	1638	Lowly	bei1
牌		1497	1639	Brand (n.)	pai2
套		1498	1640	Cover (n.)	tao4
曰		1499	1641	Sayeth	yue1
属	屬	1500	1642	Belong to	shu3
叭		1501	1643	trumpet (n.)	ba1
咕		1502	1644	mutter	gu1
胆	膽	1503	1645	gall bladder	dan3
咱		1504	1646	we (inclusive)	zan2
肿	腫	1505	1647	swollen	zhong3
串		1506	1648	string together	chuan4
吓	嚇	1507	1649	terrify	xia4
罩		1508	1650	overspread	zhao4
兽	獸	1509	1651	beast	shou4
嚣	囂	1510	1652	hubbub	xiao1
矗		1511	1653	stand straight	chu4
颠	顛	1512	1654	invert	dian1
巩	鞏	1513	1655	strengthen	gong3
叨		1514	1656	talkative	dao1
刮		1515	1657	scrape (v.)	gua1
盯		1516	1658	stare at	ding1
呵		1517	1659	rebuke (v.)	he1
姑		1518	1660	father's sister	gu1
婴	嬰	1519	1661	baby	ying1
姆		1520	1662	nanny	mu3
兢		1521	1663	cautious	jing1
奋	奮	1522	1664	exert oneself	fen4
夹	夾	1523	1665	press from both sides	jia1
颊	頰	1524	1666	cheek	jia2
厕	廁	1525	1667	toilet	ce4
硕	碩	1526	1668	big	shuo4
砌		1527	1669	lay brick	qi4
哨		1528	1670	whistle (n.)	shao4
晃		1529	1671	sway	huang4
泪	淚	1530	1672	tears	lei4
泄	洩	1531	1673	discharge (v.)	xie4
泊		1532	1674	moor (v.)	bo2
沾		1533	1675	soak	zhan1
渺		1534	1676	insignificant	miao3
汰		1535	1677	get rid of	tai4
咏	詠	1536	1678	chant	yong3
腺		1537	1679	gland	xian4
鲁	魯	1538	1680	Lu	lu3
坦		1539	1681	level (adj.)	tan3
坝	壩	1540	1682	dam	ba4
涯		1541	1683	bank (n.)	ya2
娃		1542	1684	newborn	wa2
肘		1543	1685	elbow	zhou3
碍	礙	1544	1686	obstruct	ai4
夺	奪	1545	1687	take by force	duo2
灼		1546	1688	scorch	zhuo2
炒		1547	1689	stir fry (v.)	chao3
灶		1548	1690	cooking stove	zao4
哩		1549	1691	mile	li3
厘		1550	1692	smidgen	li2
鲤	鯉	1551	1693	carp	li3
嘿		1552	1694	hey!	hei1
熏		1553	1695	treat with smoke	xun1
丹		1554	1696	cinnabar red	dan1
炯		1555	1697	shining	jiong3
晌		1556	1698	part of the day	shang3
淌		1557	1699	trickle (v.)	tang3
宁	寧	1558	1700	calm (adj.)	ning2
寡		1559	1701	widowed	gua3
喧		1560	1702	boisterous	xuan1
棚		1561	1703	shed (n.)	peng2
柏		1562	1704	cypress	bai3
朴	樸	1563	1705	plain (adj.)	pu3
朵		1564	1706	flouds	duo3
杠	槓	1565	1707	thick stick	gang4
椅		1566	1708	chair	yi3
樱	櫻	1567	1709	cherry	ying1
梢		1568	1710	treetops	shao1
杜		1569	1711	prevent	du4
杰	傑	1570	1712	outstanding	jie2
桐		1571	1713	paulownia	tong2
宋		1572	1714	Song (surname)	song4
桂		1573	1715	cassia-bark tree	gui4
淋		1574	1716	drench	lin2
焚		1575	1717	burn (v.)	fen2
厢	廂	1576	1718	side room	xiang1
昧		1577	1719	obscure (adj / verb)	mei4
朱		1578	1720	vermilion	zhu1
株		1579	1721	tree trunk	zhu1
萌		1580	1722	bud (v.)	meng2
苟		1581	1723	careless	gou3
苛		1582	1724	exacting	ke1
萝	蘿	1583	1725	edible root	luo2
膜		1584	1726	membrane	mo2
暮		1585	1727	sunset	mu4
寞		1586	1728	solitary	mo4
猫	貓	1587	1729	cat	mao1
狭	狹	1588	1730	narrow (adj.)	xia2
狸		1589	1731	raccoon dog	li2
犹	猶	1590	1732	just like	you2
燃		1591	1733	ignite	ran2
咒		1592	1734	curse (v.)	zhou4
嗅		1593	1735	sniff (v.)	xiu4
牢		1594	1736	jail	lao2
牡		1595	1737	dude	mu3
宪	憲	1596	1738	constitution	xian4
赞	贊	1597	1739	succor (v.)	zan4
伞	傘	1598	1740	umbrella	san3
舍		1599	1741	abode	she4
啥		1600	1742	wha?	sha2
洽		1601	1743	in agreement	qia4
旺		1602	1744	thriving	wang4
碧		1603	1745	green jade	bi4
琐	瑣	1604	1746	trivial	suo3
汪		1605	1747	tearful	wang1
枉		1606	1748	crooked	wang3
珠		1607	1749	pearl	zhu1
噩		1608	1750	shocking	e4
栓		1609	1751	plug (n.)	shuan1
柱		1610	1752	pillar	zhu4
钥	鑰	1611	1753	key	yao4
钻	鑽	1612	1754	drill (n./v.)	zuan1
钞	鈔	1613	1755	paper money	chao1
锁	鎖	1614	1756	lock (n./v.)	suo3
销	銷	1615	1757	put up for sale	xiao1
锣	鑼	1616	1758	gong	luo2
迫		1617	1759	compel	po4
迁	遷	1618	1760	resituate	qian1
逼		1619	1761	press (v.)	bi1
辽	遼	1620	1762	far away	liao2
逻	邏	1621	1763	make the rounds	luo2
逞		1622	1764	flaunt	cheng3
轨	軌	1623	1765	rails	gui3
轧	軋	1624	1766	flatten	ya4
辐	輻	1625	1767	spokes	fu2
链	鏈	1626	1768	chain (n.)	lian4
煎		1627	1769	saute (v.)	jian1
喻		1628	1770	figure of speech	yu4
榆		1629	1771	elm	yu2
胳		1630	1772	upper limb	ge1
厦	廈	1631	1773	skyscraper	sha4
牵	牽	1632	1774	lead along	qian1
浑	渾	1633	1775	muddled	hun2
晕	暈	1634	1776	dizzy	yun1
炕		1635	1777	brick-heated bed	kang4
膏		1636	1778	ointment	gao1
淳		1637	1779	honest	chun2
亨		1638	1780	go smoothly	heng1
哼		1639	1781	hum (v.)	heng1
鲸	鯨	1640	1782	whale	jing1
壳	殼	1641	1783	shell (n.)	ke2
洁	潔	1642	1784	spotless	jie2
枚		1643	1785	small objects	mei2
牧		1644	1786	herd (v.)	mu4
玫		1645	1787	rose	mei2
敦		1646	1788	candid	dun1
墩		1647	1789	mound	dun1
p.詹		v2p43	1790	p.snitch	
瞻		1648	1791	look upward	zhan1
谓	謂	1649	1792	meaning	wei4
询	詢	1650	1793	inquire	xun2
讥	譏	1651	1794	deride	ji1
罚	罰	1652	1795	penalize	fa2
订	訂	1653	1796	place an order	ding4
谅	諒	1654	1797	forgive	liang4
p.若		v2p44-1	1798	p.disneyland	
诺	諾	1655	1799	promise (n.)	nuo4
p.卂		v2p44-2	1800	p.crochet needles	
讯	訊	1656	1801	interrogate	xun4
p.枼		v2p45	1802	p.family tree	
谍	諜	1657	1803	espionage	die2
碟		1658	1804	saucer	die2
贰	貳	1659	1805	II	er4
腻	膩	1660	1806	sick and tired of	ni4
嘎		1661	1807	caw (n.)	ga1
域		1662	1808	domain	yu4
栽		1663	1809	sow (v.)	zai1
戚		1664	1810	kin	qi1
蔑		1665	1811	despise	mie4
喊		1666	1812	yell (v.)	han3
溅	濺	1667	1813	splatter (v.)	jian4
浇	澆	1668	1814	sprinkle	jiao1
涩	澀	1669	1815	astringent	se4
址		1670	1816	address (n.)	zhi3
赴		1671	1817	go to	fu4
趟		1672	1818	trip (counter word)	tang4
堤		1673	1819	dike	di1
津		1674	1820	Tianjin	jin1
键	鍵	1675	1821	keyboard keys	jian4
婿		1676	1822	son-in-law	xu4
袜	襪	1677	1823	socks	wa4
衰		1678	1824	decline (v.)	shuai1
衷		1679	1825	innermost feelings	zhong1
猿		1680	1826	ape	yuan2
吊		1681	1827	dangle	diao4
币	幣	1682	1828	currency	bi4
帕		1683	1829	handkerchief	pa4
帖		1684	1830	note (n.)	tie3
帆		1685	1831	sail (n.)	fan1
幅		1686	1832	width of cloth	fu2
锦	錦	1687	1833	brocade	jin3
沛		1688	1834	copious	pei4
柿		1689	1835	persimmon	shi4
棘		1690	1836	thorn bushes	ji2
蕾		1691	1837	flower bud	lei3
尝	嘗	1692	1838	taste (v.)	chang2
坛	壇	1693	1839	altar	tan2
枣	棗	1694	1840	jujube	zao3
吞		1695	1841	gulp down	tun1
妖		1696	1842	bewitching	yao1
沃		1697	1843	fertile	wo4
袄	襖	1698	1844	short Chinese-style coat	ao3
轿	轎	1699	1845	sedan chair	jiao4
垃		1700	1846	garbage	la1
啼		1701	1847	weep aloud	ti2
蒂		1702	1848	fruit stem	di4
顷	頃	1703	1849	100 Chinese acres	qing3
匙		1704	1850	spoon (n.)	chi2
乖		1705	1851	well-behaved	guai1
乘		1706	1852	hitch a ride	cheng2
剩		1707	1853	leftover (adj.)	sheng4
毕	畢	1708	1854	complete (v.)	bi4
棍		1709	1855	club (n.)	gun4
谐	諧	1710	1856	in accord	xie2
柴		1711	1857	firewood	chai2
沦	淪	1712	1858	sink (v.)	lun2
敏		1713	1859	quick-witted	min3
霉	黴	1714	1860	mildew (n.)	mei2
迄		1715	1861	so far	qi4
砍		1716	1862	chop (v.)	kan3
坎		1717	1863	hump (n.)	kan3
炊		1718	1864	cook (v.)	chui1
钦	欽	1719	1865	think highly of	qin1
剖		1720	1866	cut open	pou1
菩		1721	1867	bodhisattva	pu2
黯		1722	1868	tenebrous	an4
赢	贏	1723	1869	win (v.)	ying2
芒		1724	1870	mango	mang2
荒		1725	1871	wasteland	huang1
谎	謊	1726	1872	lie (n.)	huang3
茫		1727	1873	boundless	mang2
坊		1728	1874	workshop	fang2
芳		1729	1875	aromatic	fang1
访	訪	1730	1876	call on	fang3
淤		1731	1877	silt	yu1
熬		1732	1878	stew (v.)	ao2
p.旁		v2p60	1879	p.magellan	
膀		1733	1880	upper arm	bang3
磅		1734	1881	pound (n.) (weight)	bang4
榜		1735	1882	roster	bang3
锐	銳	1736	1883	sharp	rui4
虹		1737	1884	rainbow	hong2
蝠		1738	1885	bat (n.) (animal)	fu2
浊	濁	1739	1886	turbid	zhuo2
蝗		1740	1887	locust	huang2
蛙		1741	1888	frog	wa1
烛	燭	1742	1889	candle	zhu2
茧	繭	1743	1890	cocoon	jian3
蚕	蠶	1744	1891	silkworm	can2
胞		1745	1892	placenta	bao1
炮		1746	1893	cannon	pao4
袍		1747	1894	robe (n.)	pao2
雹		1748	1895	hail (n.)	bao2
豪		1749	1896	unrestrained	hao2
p.豖		v2p64	1897	p.hog-tied	
啄		1750	1898	peck (v.)	zhuo2
琢		1751	1899	chisel (v.)	zhuo2
遂		1752	1900	satisfy	sui4
p.家		v2p64	1901	p.flophouse	
嫁		1753	1902	marry	jia4
肠	腸	1754	1903	intestines	chang2
杨	楊	1755	1904	poplar	yang2
烫	燙	1756	1905	scald	tang4
荡	盪	1757	1906	licentious	dang4
姜		1758	1907	ginger (n.)	jiang1
详	詳	1759	1908	detailed	xiang2
羡	羨	1760	1909	envy (v.)	xian4
栏	欄	1761	1910	railing	lan2
拦	攔	1762	1911	impede	lan2
唯		1763	1912	solely	wei2
雀		1764	1913	sparrow	que4
堆		1765	1914	pile (n./v.)	dui1
雕		1766	1915	sculpture	diao1
截		1767	1916	lop off	jie2
霍		1768	1917	all at once	huo4
雌		1769	1918	feminine	ci2
焦		1770	1919	apprehensive	jiao1
瞧		1771	1920	lay eyes on	qiao2
礁		1772	1921	reef	jiao1
蕉		1773	1922	banana	jiao1
翘	翹	1774	1923	turn upward	qiao4
塌		1775	1924	fall down	ta1
翰		1776	1925	writing brush	han4
p.翟		v2p	1926	p.headdress	
耀		1777	1927	show off (v.)	yao4
戳		1778	1928	jab (v.)	chuo1
p.因		v2p69	1929	p.dog kennel	
咽		1779	1930	throat	yan1
姻		1780	1931	in-law (adj.)	yin1
墙	牆	1781	1932	wall	qiang2
旷	曠	1782	1933	expansive	kuang4
矿	礦	1783	1934	mine (n.)	kuang4
庆	慶	1784	1935	celebrate	qing4
嘛		1785	1936	(pause marker)	ma5
磨		1786	1937	grind (v.)	mo2
脏	臟	1787	1938	dirty	zang4
赃	贓	1788	1939	stolen goods	zang1
桩	樁	1789	1940	stake (n.)	zhuang1
忠		1790	1941	loyal	zhong1
恕		1791	1942	pardon (v.)	shu4
惑		1792	1943	be bewildered	huo4
愈		1793	1944	more and more	yu4
惠		1794	1945	favor (n.)	hui4
忌		1795	1946	shun	ji4
患		1796	1947	troubles	huan4
惹		1797	1948	provoke	re3
恒	恆	1798	1949	permanent	heng2
悟		1799	1950	realize	wu4
悼		1800	1951	mourn	dao4
惧	懼	1801	1952	be frightened	ju4
慎		1802	1953	prudent	shen4
惰		1803	1954	indolent	duo4
恢		1804	1955	immense	hui1
惶		1805	1956	fearful	huang2
忆	憶	1806	1957	recall (v.)	yi4
悄		1807	1958	noiseless	qiao3
恍		1808	1959	all of a sudden	huang3
恰		1809	1960	just right	qia4
愉		1810	1961	overjoyed	yu2
怔		1811	1962	terror stricken	zheng4
怖		1812	1963	be scared of	bu4
慌		1813	1964	nervous	huang1
愣		1814	1965	dumbfounded	sha3
悦	悅	1815	1966	delighted	yue4
憎		1816	1967	loathe	zeng1
惟		1817	1968	thinking	wei2
悔		1818	1969	be sorry about	hui3
慕		1819	1970	admire	mu4
添		1820	1971	augment	tian1
媳		1821	1972	daughter-in-law	xi2
熄		1822	1973	put out	xi1
泌		1823	1974	secrete	mi4
瑟		1824	1975	Chinese harp	se4
蜜		1825	1976	honey	mi4
p.我		v2p75	1977	p.miser	
蛾		1826	1978	moth	e2
扒		1827	1979	pick pockets (v.)	pa2
扣		1828	1980	button (n./v.)	kou4
拍		1829	1981	racquet	pai1
啪		1830	1982	clapping sound	pa1
扑	撲	1831	1983	pounce on	pu1
拘		1832	1984	detain	ju1
损	損	1833	1985	damage (v.)	sun3
拓		1834	1986	pioneer (v.)	tuo4
扛		1835	1987	carry over the shoulder	kang2
扎		1836	1988	prick (v.)	zha1
拇		1837	1989	thumb	mu3
捎		1838	1990	bring to	shao1
抄		1839	1991	copy (v.)	chao1
垫	墊	1840	1992	pad (n./v.)	dian4
挚	摯	1841	1993	earnest	zhi4
捏		1842	1994	pinch (v.)	nie1
拧	擰	1843	1995	tweak (v.)	
抹		1844	1996	smear on	mo3
摸		1845	1997	grope	mo1
描		1846	1998	describe	miao2
挑		1847	1999	foment	tiao3
扰	擾	1848	2000	harass	rao3
搞		1849	2001	engage in	gao3
拴		1850	2002	tether	shuan1
拾		1851	2003	tidy up	shi2
搭		1852	2004	put up	da1
掠		1853	2005	pillage (v.)	lüe4
拭		1854	2006	wipe away	shi4
挠	撓	1855	2007	chafe	nao2
扯		1856	2008	yank (v.)	che3
撞		1857	2009	bump into	zhuang4
摘		1858	2010	handpick	zhai1
拖		1859	2011	drag (v.)	tuo1
扬	揚	1860	2012	publicize	yang2
搓		1861	2013	massage (v.)	cuo1
捆		1862	2014	lash together	kun3
扩	擴	1863	2015	enlarge	kuo4
撼		1864	2016	joggle (v.)	han4
挟	挾	1865	2017	coerce	xie2
p.亶		v2p79	2018	p.Mr. Hyde	
擅		1866	2019	act without authority	shan4
颤	顫	1867	2020	tremble	chan4
戒		1868	2021	take precautions against	jie4
械		1869	2022	weapon	xie4
诫	誡	1870	2023	warn	jie4
莽		1871	2024	rude	mang3
p.卉		v2p80-1	2025	p.haystack	
奔		1872	2026	dash (v.)	ben1
p.贲		v2p80-2	2027	p.local-yokel chowder	
喷	噴	1873	2028	spurt (v.)	pen1
愤	憤	1874	2029	indignation	fen4
材		1875	2030	stuff (n.)	cai2
荐	薦	1876	2031	recommend	jian4
孕		1877	2032	pregnant	yun4
扔		1878	2033	throw away	reng1
携	攜	1879	2034	take along	xie2
圾		1880	2035	trash (n.)	ji1
梗		1881	2036	stalk (n.)	geng3
叹	嘆	1882	2037	sigh (v.)	tan4
叉		1883	2038	fork (n.)	cha1
权	權	1884	2039	authority	quan2
寇		1885	2040	outlaw (n.)	kou4
敲		1886	2041	knock (v.)	qiao1
轰	轟	1887	2042	rumble (n./v.)	hong1
滩	灘	1888	2043	beach (n.)	tan1
毅		1889	2044	resolute	yi4
肢		1890	2045	limb	zhi1
妓		1891	2046	prostitute	ji4
歧		1892	2047	fork in the road	qi2
翅		1893	2048	fins	chi4
淑		1894	2049	graceful	shu1
椒		1895	2050	spice plant	jiao1
盾		1896	2051	shield (n.)	dun4
贩	販	1897	2052	peddler	fan4
扳		1898	2053	tug (v.)	ban1
烁	爍	1899	2054	luminous	shuo4
觅	覓	1900	2055	try to find	mi4
妥		1901	2056	appropriate	tuo3
p.豸		v2p83	2057	p.leopard	
豹		1902	2058	leopard	bao4
貌		1903	2059	mein	mao4
睬		1904	2060	notice (v.)	cai3
允		1905	2061	consent (v.)	yun3
宏		1906	2062	magnificent	hong2
垒	壘	1907	2063	baseball base	lei3
胎		1908	2064	fetus	tai1
怠		1909	2065	negligent	dai4
怡		1910	2066	cheerful	yi2
冶		1911	2067	smelt (v.)	ye3
抬		1912	2068	elevate	tai2
罢	罷	1913	2069	cease	ba4
摆	擺	1914	2070	put in order	bai3
丢	丟	1915	2071	mislay	diu1
致		1916	2072	bring about	zhi4
弃	棄	1917	2073	forsake	qi4
撤		1918	2074	remove	che4
硫		1919	2075	sulfur	liu2
琉		1920	2076	glaze (n.)	liu2
疏		1921	2077	sparse	shu1
蔬		1922	2078	veggies	shu1
勾		1923	2079	cross out	gou1
沟	溝	1924	2080	ditch (n.)	gou1
钩	鉤	1925	2081	hook (n. / v.)	gou1
崩		1926	2082	crumble (v.)	beng1
岩		1927	2083	rock (n.)	yan2
峭		1928	2084	precipitous	qiao4
崎		1929	2085	rugged	qi2
崖		1930	2086	cliff	ya2
灿	燦	1931	2087	brilliant	can4
炭		1932	2088	charcoal	tan4
碳		1933	2089	carbon	tan4
岂	豈	1934	2090	(rhetorical question)	qi3
凯	凱	1935	2091	triumphant	kai3
峡	峽	1936	2092	gorge (n.)	xia2
崔		1937	2093	Cui	cui1
摧		1938	2094	wreck (v.)	cui1
p.		v2p88	2095	p.mountain goat	
逆		1939	2096	go against	ni4
溯		1940	2097	go upstream	su4
塑		1941	2098	plastic (n.)	su4
盼		1942	2099	await hopefully	pan4
颁	頒	1943	2100	promulgate	ban1
芬		1944	2101	essence	fen1
扮		1945	2102	play the part of	ban4
岔		1946	2103	diverge	cha4
颂	頌	1947	2104	extol	song4
讼	訟	1948	2105	litigate	song4
滚	滾	1949	2106	trundle (v.)	gun3
翁		1950	2107	elderly man	weng1
嗡		1951	2108	buzzing (n.)	weng1
裕		1952	2109	abundant	yu4
榕		1953	2110	banyan	rong2
熔		1954	2111	fuse (v.)	rong2
裳		1955	2112	raiment	shang5
掌		1956	2113	palm of the hand	zhang3
撑	撐	1957	2114	prop up	cheng1
膛		1958	2115	chest	tang2
颇	頗	1959	2116	quite	po1
坡		1960	2117	slope (n.)	po1
披		1961	2118	drape over the shoulder	pi1
菠		1962	2119	spinach	bo1
歼	殲	1963	2120	annihilate	jian1
殖		1964	2121	breed (v.)	zhi2
殊		1965	2122	dissimilar	shu1
残	殘	1966	2123	incomplete	can2
咧		1967	2124	grin (v.)	lie3
裂		1968	2125	crack (v.)	lie4
毙	斃	1969	2126	die a violent death	bi4
耿		1970	2127	dedicated	geng3
辑	輯	1971	2128	edit	ji2
耻	恥	1972	2129	shame (n.)	chi3
摄	攝	1973	2130	take a photo	she4
聪	聰	1974	2131	smart	cong1
娶		1975	2132	take a wife	qu3
蔓		1976	2133	creeping vine	wan4
肤	膚	1977	2134	skin (n.)	fu1
扶		1978	2135	lend a hand	fu2
潜	潛	1979	2136	submerge	qian2
卧	臥	1980	2137	for sleeping	wo4
p.爿		v2p93	2138	p.bunk beds	
藏		1981	2139	hide (v.)	cang2
熙		1982	2140	splendid	xi1
勋	勳	1983	2141	merit (n.)	xun1
劣		1984	2142	inferior	lie4
募		1985	2143	recruit (v.)	mu4
劝	勸	1986	2144	advise	quan4
劫		1987	2145	plunder (v.)	jie2
抛	拋	1988	2146	toss (v.)	pao1
胁	脅	1989	2147	threaten	xie2
怒		1990	2148	anger (n.)	nu4
茄		1991	2149	eggplant	qie2
彻	徹	1992	2150	thorough	che4
征	徵	1993	2151	solicit	zheng1
惩	懲	1994	2152	chasten	cheng2
徒		1995	2153	follower	tu2
徊		1996	2154	undecided	huai2
役		1997	2155	service (n.)	yi4
循		1998	2156	comply with	xun2
彼		1999	2157	the other	bi3
衍		2000	2158	develop	yan3
衡		2001	2159	weight	heng2
衔	銜	2002	2160	title	xian2
秃	禿	2003	2161	bald	tu1
颓	頹	2004	2162	decrepit	tui2
秒		2005	2163	seconds	miao3
稍		2006	2164	a little (adv.)	shao1
稣	穌	2007	2165	rise again	su1
稿		2008	2166	draft (n.)	gao3
稠		2009	2167	dense	chou2
颖	穎	2010	2168	clever	ying3
稼		2011	2169	crops	jia4
税	稅	2012	2170	tax	shui4
稚		2013	2171	immature	zhi4
菌		2014	2172	fungus	jun4
穗		2015	2173	ear of grain	sui4
秘		2016	2174	confidential	mi4
私		2017	2175	private (adj.)	si1
秩		2018	2176	order (n.)	zhi4
锹	鍬	2019	2177	shovel (n.)	qiao1
梨		2020	2178	pear	li2
犁		2021	2179	plow (n.)	li2
萎		2022	2180	wilt	wei3
p.黍		v2p99-1	2181	p.rumpelbrella	
黏		2023	2182	sticky	nian2
黎		2024	2183	host (n.) (group of people)	li2
p.桼		v2p99-2	2184	p.baron von rumpelbrella	
膝		2025	2185	knees	xi1
漆		2026	2186	wall paint	qi1
锈	銹	2027	2187	rust (n./v.)	xiu4
眯	瞇	2028	2188	squint (v.)	mi1
糊		2029	2189	batter (food)	hu4
粘		2030	2190	glue (v.)	zhan1
奥	奧	2031	2191	of great depth	ao4
澳		2032	2192	deep inlet	ao4
懊		2033	2193	remorseful	ao4
菊		2034	2194	chrysanthemum	ju2
渊	淵	2035	2195	abyss	yuan1
p.		v2p101	2196	p.decapitation	
粱		2036	2197	fine millet	liang2
梁		2037	2198	roof beam	liang2
糙		2038	2199	rough	cao1
粒		2039	2200	grain	li4
糕		2040	2201	cake	gao1
p.敝		v2p102	2202	p.shredder	
蔽		2041	2203	shelter (n.)	bi4
憋		2042	2204	suppress	bie1
撇		2043	2205	cast aside	pie1
弊		2044	2206	fraud	bi4
莱	萊	2045	2207	lambsquarters	lai2
搂	摟	2046	2208	cuddle	lou3
筑	築	2047	2209	construct	zhu4
箩	籮	2048	2210	bamboo basket	luo2
笨		2049	2211	stupid	ben4
筒		2050	2212	tube	tong3
箭		2051	2213	arrow	jian4
筛	篩	2052	2214	sift	shai1
筋		2053	2215	tendon	jin1
伍		2054	2216	v	wu3
仇		2055	2217	animosity	chou2
倡		2056	2218	start (v.)	chang4
伯		2057	2219	father's older brother	bo2
仲		2058	2220	mid-	zhong4
仆	僕	2059	2221	servant	pu2
估		2060	2222	estimate (v.)	gu1
侦	偵	2061	2223	detect	zhen1
俱		2062	2224	altogether (adv.)	ju4
佑		2063	2225	bless	you4
佐		2064	2226	assistant	zuo3
侧	側	2065	2227	lateral (adj.)	ce4
亿	億	2066	2228	one hundred million	yi4
仔		2067	2229	meticulous	zi3
倚		2068	2230	count on	yi3
俏		2069	2231	comely	qiao4
佳		2070	2232	superb	jia1
侍		2071	2233	serve	shi4
伙	夥	2072	2234	mate (n.)	huo3
倘		2073	2235	if	tang3
宿		2074	2236	stay overnight	su4
伏		2075	2237	bend over	fu2
袱		2076	2238	wrapping cloth	fu2
偷		2077	2239	steal (v.)	tou1
偿	償	2078	2240	repay	chang2
伐		2079	2241	fell	fa2
佩		2080	2242	wear at the waist	pei4
侨	僑	2081	2243	live abroad	qiao2
倾	傾	2082	2244	incline (v.)	qing1
伦	倫	2083	2245	human relationships	lun2
侮		2084	2246	insult (v.)	wu3
倍		2085	2247	times	bei4
仿		2086	2248	mimic (v.)	fang3
傲		2087	2249	haughty	ao4
僧		2088	2250	Buddhist monk	seng1
囚		2089	2251	prisoner	qiu2
悠		2090	2252	without haste	you1
侄		2091	2253	nephew	zhi2
仙		2092	2254	immortal (n.)	xian1
傍		2093	2255	close to	bang4
催		2094	2256	prod (v.)	cui1
俗		2095	2257	custom	su2
侠	俠	2096	2258	chivalrous person	xia2
俄		2097	2259	Russia	e2
聚		2098	2260	assemble	ju4
符		2099	2261	symbol	fu2
贷	貸	2100	2262	loan (n.)	dai4
荷		2101	2263	Holland	he2
杖		2102	2264	cane	zhang4
仗		2103	2265	battle (n.)	zhang4
丛	叢	2104	2266	thicket	cong2
耸	聳	2105	2267	shrug (v.)	song3
挫		2106	2268	frustrate	cuo4
诬	誣	2107	2269	charge falsely	wu1
葛		2108	2270	kudzu	ge2
褐		2109	2271	brown	he4
竭		2110	2272	use up	jie2
歇		2111	2273	take a rest	xie1
揭		2112	2274	reveal	jie1
淫		2113	2275	promiscuous	yin2
凭	憑	2114	2276	proof	ping2
挺		2115	2277	erect (adj.)	ting3
赎	贖	2116	2278	redeem	shu2
瓦		2117	2279	tile	wa3
瓷		2118	2280	porcelain	ci2
拟	擬	2119	2281	simulate	ni3
瓶		2120	2282	bottle (n.)	ping2
宫	宮	2121	2283	palace	gong1
铝	鋁	2122	2284	aluminum	lü3
萤	螢	2123	2285	firefly	ying2
莹	瑩	2124	2286	lustrous	ying2
蒙		2125	2287	Mongolia	meng3
朦		2126	2288	dim (adj.)	meng2
捞	撈	2127	2289	scoop up	lao1
旋		2128	2290	whirl (v.)	xuan4
吻		2129	2291	kiss (v.)	wen3
匆		2130	2292	hurriedly	cong1
葱	蔥	2131	2293	onion	cong1
锡	錫	2132	2294	tin	xi1
惕		2133	2295	watchful	ti4
卢	盧	2134	2296	Louvre	lu2
屉	屜	2135	2297	drawer	ti4
屑		2136	2298	bits	xie4
尿		2137	2299	urine	niao4
犀		2138	2300	rhinoceros	xi1
迟	遲	2139	2301	tardy	chi2
刷		2140	2302	brush (n./v.)	shua1
漏		2141	2303	leak (v.)	lou4
屁		2142	2304	fart (n.)	pi4
屈		2143	2305	knuckle under	qu1
掘		2144	2306	excavate	jue2
履		2145	2307	footwear	lü3
屎		2146	2308	excrement	shi3
屡	屢	2147	2309	time and again	lü3
屏		2148	2310	folding screen	ping2
眉		2149	2311	eyebrows	mei2
媚		2150	2312	flatter (v.)	mei4
昼	晝	2151	2313	daylight	zhou4
启	啟	2152	2314	enlighten	qi3
肩		2153	2315	shoulder (n.)	jian1
妒		2154	2316	jealous of	du4
炉	爐	2155	2317	stove	lu2
芦	蘆	2156	2318	reeds	lu2
扇		2157	2319	fan (n.)	shan4
奈		2158	2320	can't help but	nai4
款		2159	2321	funds	kuan3
凛	凜	2160	2322	chilly	lin3
祟		2161	2323	evil spirit	sui4
祝		2162	2324	wish well	zhu4
祥		2163	2325	propitious	xiang2
p.尉		v2p117	2326	p.cardinal richelieu	
蔚		2164	2327	luxuriant	wei4
慰		2165	2328	console (v.)	wei4
蒜		2166	2329	garlic	suan4
棕		2167	2330	palm tree	zong1
宙		2168	2331	universe	zhou4
轴	軸	2169	2332	axle	zhou2
袖		2170	2333	sleeve	xiu4
庙	廟	2171	2334	temple	miao4
笛		2172	2335	flute	di2
届	屆	2173	2336	fall due	jie4
呻		2174	2337	groan	shen1
坤		2175	2338	female	kun1
审	審	2176	2339	painstaking	shen3
婶	嬸	2177	2340	auntie	shen3
畅	暢	2178	2341	smooth	chang4
巢		2179	2342	nest (n.)	chao2
棵		2180	2343	flora (counter word)	ke1
裸		2181	2344	naked	luo3
裹		2182	2345	envelop	guo3
析		2183	2346	analyze	xi1
晰		2184	2347	distinct	xi1
芹		2185	2348	celery	qin2
祈		2186	2349	supplicate	qi2
欣		2187	2350	elated	xin1
掀		2188	2351	uncover	xian1
惭	慚	2189	2352	conscience stricken	can2
崭	嶄	2190	2353	towering	zhan3
浙		2191	2354	Zhejiang province	zhe4
誓		2192	2355	vow (n./v.)	shi4
拆		2193	2356	take apart	chai1
炸		2194	2357	blow up	zha4
诈	詐	2195	2358	swindle	zha4
归	歸	2196	2359	come back	gui1
p.刍		v2p121	2360	p.hairnet	
皱	皺	2197	2361	wrinkles	zhou4
煞		2198	2362	goblin	sha4
趋	趨	2199	2363	hasten	qu1
雏	雛	2200	2364	chick	chu2
p.		v2p122-1	2365	p.dunce	
浸		2201	2366	immerse	jin4
寝	寢	2202	2367	get some shuteye	qin3
侵		2203	2368	invade	qin1
p.彑		v2p122-2	2369	p.whisk broom	
缘	緣	2204	2370	reason (n.)	yuan2
稳	穩	2205	2371	stable (adj.)	wen3
挡	擋	2206	2372	fend off	dang3
剥	剝	2207	2373	peel off	bao1
秉		2208	2374	wield	bing3
妻		2209	2375	wife	qi1
凄	淒	2210	2376	miserable	qi1
捷		2211	2377	nimble	jie2
肃	肅	2212	2378	solemn	su4
啸	嘯	2213	2379	howl (v.)	xiao4
萧	蕭	2214	2380	desolate	xiao1
兼		2215	2381	double (adj.)	jian1
赚	賺	2216	2382	earn	zhuan4
嫌		2217	2383	dislike (v.)	xian2
谦	謙	2218	2384	unassuming	qian1
歉		2219	2385	apology	qian4
廉		2220	2386	inexpensive	lian2
镰	鐮	2221	2387	sickle	lian2
睁	睜	2222	2388	unshut (v.)	zheng1
挣	掙	2223	2389	struggle (v.)	zheng1
筝	箏	2224	2390	Chinese zither	zheng1
塘		2225	2391	pool (n.)	tang2
隶	隸	2226	2392	bondservant	li4
逮		2227	2393	arrest (v.)	dai4
慷		2228	2394	generous	kang1
糠		2229	2395	chaff	kang1
笋	筍	2230	2396	bamboo shoot	sun3
耍		2231	2397	mess around	shua3
耐		2232	2398	-proof	nai4
喘		2233	2399	wheeze	chuan3
揣		2234	2400	conjecture (v.)	
p.曹		v2p127	2401	p.cadet	
槽		2235	2402	trough	cao2
遭		2236	2403	meet with	zao1
糟		2237	2404	messed up	zao1
抖		2238	2405	quiver (v.)	dou3
惜		2239	2406	rue (v.)	xi1
措		2240	2407	arrange	cuo4
腊	臘	2241	2408	dried meat	la4
蜡	蠟	2242	2409	wax (n.)	la4
猎	獵	2243	2410	hunt (v.)	lie4
燕		2244	2411	swallow (n.) (bird)	yan4
遮		2245	2412	screen (v.)	zhe1
畔		2246	2413	littoral (n.)	pan4
拌		2247	2414	blend (v.)	ban4
叛		2248	2415	betray	pan4
券		2249	2416	voucher	quan4
藤		2250	2417	rattan	teng2
鼎		2251	2418	old cooking pot	ding3
芝		2252	2419	sesame	zhi1
贬	貶	2253	2420	devalue	bian3
泛		2254	2421	nonspecific	fan4
歪		2255	2422	askew	wai1
矫	矯	2256	2423	rectify	jiao3
矮		2257	2424	short of stature	ai3
p.矣		v2p131	2425	p.crossbow	
唉		2258	2426	sigh-ay-ay	ai1
埃		2259	2427	fine dust	ai1
挨		2260	2428	suffer	ai2
簇		2261	2429	cluster (n.)	cu4
茅		2262	2430	thatch (n.)	mao2
橘		2263	2431	tangerine	ju2
舒		2264	2432	relax	shu1
览	覽	2265	2433	view (v.)	lan3
揽	攬	2266	2434	take on	lan3
肾	腎	2267	2435	kidneys	shen4
竖	豎	2268	2436	perpendicular	shu4
弘		2269	2437	noble	hong2
夷		2270	2438	barbarian	yi2
姨		2271	2439	maternal aunt	yi2
p.畺		v2p133	2440	p.family feud	
疆		2272	2441	dividing line	jiang1
僵		2273	2442	stiff (adj.)	jiang1
粥		2274	2443	porridge	zhou1
蝉	蟬	2275	2444	cicada	chan2
禅	禪	2276	2445	meditation	chan2
沸		2277	2446	bring to a boil	fei4
拂		2278	2447	caress (v.)	fu2
剃		2279	2448	shave (v.)	ti4
递	遞	2280	2449	hand over	di4
梯		2281	2450	ladder	ti1
涕		2282	2451	snot	ti4
朽		2283	2452	decayed	xiu3
聘		2284	2453	employ (v.)	pin4
姊		2285	2454	elder sister	zi3
亏	虧	2286	2455	loss	kui1
污		2287	2456	filthy	wu1
夸	誇	2288	2457	brag	kua1
垮		2289	2458	collapse (v.)	kua3
挎		2290	2459	carry on the arm	kua4
鳄	鱷	2291	2460	crocodile	e4
愕		2292	2461	stunned	e4
躺		2293	2462	lie down	tang3
躲		2294	2463	dodge (v.)	duo3
躬		2295	2464	stoop (v.)	gong1
嗜		2296	2465	hanker	shi4
姥		2297	2466	maternal grandmother	lao3
拷		2298	2467	flog	kao3
屿	嶼	2299	2468	islet	yu3
暑		2300	2469	summer heat	shu3
睹		2301	2470	behold	du3
署		2302	2471	add your John Hancock	shu3
薯		2303	2472	yam	shu3
赌	賭	2304	2473	gamble (v.)	du3
奢		2305	2474	extravagant	she1
堵		2306	2475	stop up	du3
煮		2307	2476	boil (v.)	zhu3
诸	諸	2308	2477	various	zhu1
储	儲	2309	2478	put in storage	chu3
屠		2310	2479	slaughter	tu2
棺		2311	2480	coffin	guan1
爹		2312	2481	dad	die1
斧		2313	2482	axe	fu3
咬		2314	2483	bite (v.)	yao3
胶	膠	2315	2484	gum	jiao1
狡		2316	2485	sly	jiao3
捉		2317	2486	catch (v.)	zhuo1
促		2318	2487	urge (v.)	cu4
趴		2319	2488	prostrate oneself	pa1
踏		2320	2489	trample	ta4
践	踐	2321	2490	tread on	jian4
跃	躍	2322	2491	leap (v.)	yue4
蹄		2323	2492	hoof	ti2
踩		2324	2493	step on	cai3
蹦		2325	2494	hop (v.)	beng4
跌		2326	2495	slump (v.)	die1
踢		2327	2496	kick (v.)	ti1
踪		2328	2497	tracks (from feet)	zong1
跨		2329	2498	straddle (v.)	kua4
p.喿		v2p140	2499	p.wood pulp	
躁		2330	2500	impetuous	zao4
噪		2331	2501	chirping	zao4
澡		2332	2502	bath	zao3
藻		2333	2503	algae	zao3
燥		2334	2504	parched	zao4
操		2335	2505	exercise (n.)	cao1
猾		2336	2506	cunning	hua2
髓		2337	2507	marrow	sui3
陌		2338	2508	footpath	mo4
隙		2339	2509	rift (n.)	xi4
陡		2340	2510	steep	dou3
陪		2341	2511	accompany	pei2
障		2342	2512	barrier	zhang4
隧		2343	2513	tunnel (n.)	sui4
陋		2344	2514	undesirable	lou4
隐	隱	2345	2515	hidden	yin3
陕	陝	2346	2516	Shaanxi province	shan3
p.夌		v2p143-1	2517	p.minuteclods	
陵		2347	2518	mausoleum	ling2
棱		2348	2519	edge (n.)	leng2
菱		2349	2520	water caltrop	ling2
凌		2350	2521	bully (v.)	ling2
p.鬲		v2p143-2	2522	p.cauldron	
融		2351	2523	melt	rong2
隔		2352	2524	separate (v.)	ge2
窃	竊	2353	2525	pilfer	qie4
挖		2354	2526	dig (v.)	wa1
帘	簾	2355	2527	drapes	lian2
窥	窺	2356	2528	peep (v.)	kui1
穷	窮	2357	2529	poor	qiong2
窄		2358	2530	strait (adj.)	zhai3
榨		2359	2531	extract (v.)	zha4
窟		2360	2532	den	ku1
窘		2361	2533	poverty-stricken	jiong3
窜	竄	2362	2534	scurry	cuan4
腔		2363	2535	body cavity	qiang1
p.呙		v2p145	2536	p.esophagus	
窝	窩	2364	2537	hollow (n.)	wo1
涡	渦	2365	2538	whirlpool	wo1
锅	鍋	2366	2539	pot	guo1
祸	禍	2367	2540	misfortune	huo4
蜗	蝸	2368	2541	snail	wo1
宾	賓	2369	2542	visitor	bin1
滨	濱	2370	2543	water's edge	bin1
绷	繃	2371	2544	stretch taut	beng1
纤	纖	2372	2545	fiber	xian1
绰	綽	2373	2546	ample	chuo4
绍	紹	2374	2547	acquaint	shao4
纱	紗	2375	2548	yarn	sha1
络	絡	2376	2549	web	luo4
绸	綢	2377	2550	silk fabric	chou2
绒	絨	2378	2551	down (n.)	rong2
绕	繞	2379	2552	go around	rao4
绽	綻	2380	2553	split at the seams	zhan4
绵	綿	2381	2554	continuous	mian2
缔	締	2382	2555	conclude	di4
纺	紡	2383	2556	spin (v.)	fang3
缠	纏	2384	2557	wind around	chan2
绘	繪	2385	2558	paint (v.)	hui4
纷	紛	2386	2559	disorderly	fen1
绣	繡	2387	2560	embroidery	xiu4
缕	縷	2388	2561	in detail	lü3
缩	縮	2389	2562	shrink (v.)	suo1
纳	納	2390	2563	let in	na4
综	綜	2391	2564	sum up	zong1
绅	紳	2392	2565	gentry	shen1
绪	緒	2393	2566	inception	xu4
绞	絞	2394	2567	wring	jiao3
p.爰		v2p149	2568	p.migrating ducks	
缓	緩	2395	2569	unhurried	huan3
暖		2396	2570	warm (adj.)	nuan3
援		2397	2571	provide assistance	yuan2
p.肙		v2p150-1	2572	p.canker sore	
绢	絹	2398	2573	tough silk	juan4
捐		2399	2574	contribute	juan1
p.敫		v2p150-2	2575	p.homing pigeon	
缴	繳	2400	2576	shell out	jiao3
邀		2401	2577	request the presence of	yao1
缆	纜	2402	2578	cable (n.)	lan3
哟	喲	2403	2579	Oh!	yo1
颈	頸	2404	2580	neck (n.)	jing3
茎	莖	2405	2581	plant stem	jing1
径	徑	2406	2582	trail (n.)	jing4
劲	勁	2407	2583	powerful	
幼		2408	2584	young	you4
溪		2409	2585	creek	qi1
幽		2410	2586	secluded	you1
玄		2411	2587	mysterious	xuan2
弦		2412	2588	bowstring	xian2
畜		2413	2589	livestock	chu4
蓄		2414	2590	save up	xu4
p.兹		v2p152	2591	p.Mona Lisa	
磁		2415	2592	magnetism	ci2
滋		2416	2593	nourish	zi1
慈		2417	2594	kindhearted	ci2
累		2418	2595	tired	lei4
螺		2419	2596	spiral shell	luo2
紫		2420	2597	purple	zi3
繁		2421	2598	numerous	fan2
絮		2422	2599	long-winded	xu4
p.		v2p153	2600	p.chapel	
索		2423	2601	large rope	suo3
p.孛		v2p154	2602	p.sunday school	
脖		2424	2603	head-hinge	bo2
勃		2425	2604	vibrant	bo2
卸		2426	2605	unload	xie4
御	禦	2427	2606	withstand	yu4
卵		2428	2607	nest eggs	luan3
p.孚		v2p155	2608	p.fledglings	
孵		2429	2609	hatch (v.)	fu1
乳		2430	2610	breast	ru3
浮		2431	2611	float (v.)	fu2
俘		2432	2612	captive	fu2
榴		2433	2613	pomengranate	liu2
爷	爺	2434	2614	grandfather	ye2
疑		2435	2615	doubt (v.)	yi2
凝		2436	2616	congeal	ning2
玲		2437	2617	exquisite	ling2
铃	鈴	2438	2618	small bell	ling2
怜	憐	2439	2619	pity (v.)	lian2
岭	嶺	2440	2620	mountain range	ling3
伶		2441	2621	actor	ling2
涌	湧	2442	2622	gush (v.)	yong3
桶		2443	2623	bucket	tong3
诵	誦	2444	2624	read aloud	song4
范	範	2445	2625	model	fan4
扼		2446	2626	clutch (v.)	e4
卷		2447	2627	exam paper	juan4
倦		2448	2628	worn out	juan4
圈		2449	2629	circle (n.)	quan1
p.夗		v2p158	2630	p.nameplate	
怨		2450	2631	resentment	yuan4
宛		2451	2632	winding	wan3
腕		2452	2633	wrist	wan4
婉		2453	2634	tactful	wan3
碗		2454	2635	bowl	wan3
苍	蒼	2455	2636	ash-colored	cang1
抢	搶	2456	2637	rob	qiang3
诡	詭	2457	2638	deceitful	gui3
跪		2458	2639	kneel	gui4
p.		v2p159	2640	p.zipper	
舆	輿	2459	2641	popular	yu2
酌		2460	2642	pour wine	zhuo2
酬		2461	2643	reward (n./v.)	chou2
酷		2462	2644	brutal	ku4
醇		2463	2645	mellow wine	chun2
醋		2464	2646	vinegar	cu4
p.		v2p160	2647	p.chocolate turtle	
酱	醬	2465	2648	thick sauce	jiang4
奖	獎	2466	2649	award (n.)	jiang3
浆	漿	2467	2650	thick liquid	jiang1
桨	槳	2468	2651	oar	jiang3
蒋	蔣	2469	2652	Jiang	jiang3
p.卒		v2p161	2653	p.foot soldiers	
醉		2470	2654	drunk	zui4
碎		2471	2655	shattered	sui4
翠		2472	2656	emerald green	cui4
粹		2473	2657	unmixed	cui4
p.夋		v2p162	2658	p.streetwalker	
酸		2474	2659	sour	suan1
梭		2475	2660	shuttle (n.)	suo1
峻		2476	2661	lofty	jun4
俊		2477	2662	handsome	jun4
奠		2478	2663	found (v.)	dian4
蹲		2479	2664	squat (v.)	dun1
逗		2480	2665	tease (v.)	dou4
橱	櫥	2481	2666	closet	chu2
嘻		2482	2667	giggling	xi1
嘉		2483	2668	commend	jia1
盟		2484	2669	alliance	meng2
孟		2485	2670	Mencius	meng4
猛		2486	2671	fierce	meng3
盐	鹽	2487	2672	salt (n.)	yan2
盔		2488	2673	helmet	kui1
盒		2489	2674	small box	he2
盛		2490	2675	flourishing	sheng4
盏	盞	2491	2676	small cup	zhan3
盗	盜	2492	2677	master thief	dao4
磕		2493	2678	collide with	ke1
盈		2494	2679	replete	ying2
盆		2495	2680	basin	pen2
蕴	蘊	2496	2681	amass	yun4
p.		v2p164	2682	p.bullfighter	
鉴	鑑	2497	2683	probe (v.)	jian4
滥	濫	2498	2684	indiscriminate	lan4
p.尢		v2p165-1	2685	p.frankenbowser	
尴	尷	2499	2686	abashed	gan1
尬		2500	2687	embarrassed	ga4
p.冘		v2p165-2	2688	p.frankenbowser rex	
沈		2501	2689	Shen	shen3
枕		2502	2690	pillow	zhen3
耽		2503	2691	indulge in	dan1
衅	釁	2504	2692	quarrel (n.)	xin4
垦	墾	2505	2693	reclaim	ken3
狠		2506	2694	ruthless	hen3
恳	懇	2507	2695	wholeheartedly	ken3
艰	艱	2508	2696	arduous	jian1
爵		2509	2697	upper crust	jue2
嚼		2510	2698	chew (v.)	jiao2
卿		2511	2699	minister (n.) (govt official)	qing1
恨		2512	2700	hate (v.)	hen4
朗		2513	2701	lucent	lang3
狼		2514	2702	wolf	lang2
粮	糧	2515	2703	provisions	liang2
酿	釀	2516	2704	brew (v.)	niang4
饥	飢	2517	2705	starving	ji1
饶	饒	2518	2706	spare (v.)	rao2
饰	飾	2519	2707	ornaments	shi4
饮	飲	2520	2708	beverage	yin3
蚀	蝕	2521	2709	eat away	shi2
饱	飽	2522	2710	sated	bao3
馒	饅	2523	2711	bread	man2
饼	餅	2524	2712	cookie	bing3
饺	餃	2525	2713	dumpling	jiao3
饿	餓	2526	2714	hungry	e4
溉		2527	2715	irrigate	gai4
慨		2528	2716	incensed	kai3
苹	蘋	2529	2717	apple	ping2
萍		2530	2718	duckweed	ping2
秤		2531	2719	scale (n.)	cheng4
淆		2532	2720	confuse	xiao2
艾		2533	2721	Chinese mugwort	ai4
哎		2534	2722	good grief!	ai1
赵	趙	2535	2723	Zhao	zhao4
攀		2536	2724	climb (v.)	pan1
刹	剎	2537	2725	brake (v.)	sha1
枫	楓	2538	2726	maple	feng1
钢	鋼	2539	2727	steel	gang1
岗	崗	2540	2728	hillock	gang3
纲	綱	2541	2729	guidelines	gang1
屯		2542	2730	stockpile (v.)	tun2
吨	噸	2543	2731	ton	dun1
顿	頓	2544	2732	pause (n./v.)	dun4
纯	純	2545	2733	unadulterated	chun2
齿	齒	2546	2734	teeth	chi3
龄	齡	2547	2735	length of service	ling2
汹	洶	2548	2736	turbulent	xiong1
篱	籬	2549	2737	fence	li2
仪	儀	2550	2738	rite	yi2
辜		2551	2739	crime	gu1
辞	辭	2552	2740	phraseology	ci2
宰		2553	2741	butcher (v.)	zai3
辨		2554	2742	differentiate	bian4
辫	辮	2555	2743	braid (n.)	bian4
臂		2556	2744	arm (n.)	bi4
劈		2557	2745	split (v.)	pi3
譬		2558	2746	analogy	pi4
僻		2559	2747	out-of-the-way	pi4
纠	糾	2560	2748	entangle	jiu1
咳		2561	2749	cough (v.)	ke2
嚷		2562	2750	cry out	rang3
镶	鑲	2563	2751	inlay (v.)	xiang1
塞		2564	2752	stronghold	sai4
寨		2565	2753	stockade	zhai4
晴		2566	2754	sunny	qing2
猜		2567	2755	guess (v.)	cai1
靖		2568	2756	pacify	jing4
债	債	2569	2757	debt	zhai4
牲		2570	2758	domestic animal	sheng1
隆		2571	2759	impressive	long2
腥		2572	2760	fishy smell	xing1
猩		2573	2761	orangutan	xing1
醒		2574	2762	awaken	xing3
寿	壽	2575	2763	longevity	shou4
畴	疇	2576	2764	farmland	chou2
涛	濤	2577	2765	large waves	tao1
铸	鑄	2578	2766	cast (v.)	zhu4
祷	禱	2579	2767	pray	dao3
筹	籌	2580	2768	make arrangements	chou2
契		2581	2769	contract (n.)	qi4
拜		2582	2770	adore	bai4
p.夆		v2p175	2771	p.briar	
锋	鋒	2583	2772	cutting edge	feng1
逢		2584	2773	chance upon	feng2
缝	縫	2585	2774	sew	feng2
蓬		2586	2775	disheveled	peng2
篷		2587	2776	awning	peng2
蜂		2588	2777	bee	feng1
峰		2589	2778	peak (n.)	feng1
瞎		2590	2779	visionless	xia1
辖	轄	2591	2780	administer	xia2
豁		2592	2781	breach (n.)	huo1
韩	韓	2593	2782	Korea	han2
违	違	2594	2783	disobey	wei2
纬	緯	2595	2784	latitude	wei3
奏		2596	2785	play an instrument	zou4
凑	湊	2597	2786	gather together	cou4
秦		2598	2787	Qin	qin2
蠢		2599	2788	foolish	chun3
p.		v2p178	2789	p.scarecrow	
泽	澤	2600	2790	swamp (n.)	ze2
译	譯	2601	2791	translate	yi4
择	擇	2602	2792	select (v.)	ze2
捧		2603	2793	carry in both hands	peng3
砖	磚	2604	2794	brick	zhuan1
唾		2605	2795	saliva	tuo4
吟		2606	2796	recite	yin2
贪	貪	2607	2797	greedy	tan1
琴		2608	2798	stringed instrument	qin2
炼	煉	2609	2799	refine	lian4
晒	曬	2610	2800	bask	shai4
洒	灑	2611	2801	spill (v.)	sa3
栖	棲	2612	2802	perch (v.)	qi1
栗		2613	2803	chestnut	li4
牺	犧	2614	2804	sacrifice (v.)	xi1
潭		2615	2805	deep pool	tan2
覆		2616	2806	overturn	fu4
飘	飄	2617	2807	flutter (v.)	piao1
献	獻	2618	2808	donate	xian4
阔	闊	2619	2809	broad	kuo4
润	潤	2620	2810	moisten	run4
阁	閣	2621	2811	cabinet	ge2
搁	擱	2622	2812	put aside	ge1
闹	鬧	2623	2813	stir up trouble	nao4
阅	閱	2624	2814	peruse	yue4
闷	悶	2625	2815	stuffy	men1
闭	閉	2626	2816	close (v.)	bi4
闪	閃	2627	2817	flash (v.)	shan3
阀	閥	2628	2818	valve	fa2
闸	閘	2629	2819	floodgate	zha2
阐	闡	2630	2820	explicate	chan3
涧	澗	2631	2821	ravine	jian4
菲		2632	2822	humble (adj.)	fei1
辈	輩	2633	2823	lifetime	bei4
悲		2634	2824	sad	bei1
徘		2635	2825	irresolute	pai2
喉		2636	2826	gullet	hou2
猴		2637	2827	monkey	hou2
肝		2638	2828	liver	gan1
刊		2639	2829	publication	kan1
奸	姦	2640	2830	adultery	jian1
汗		2641	2831	sweat (n.)	han4
杆	桿	2642	2832	shaft	gan3
轩	軒	2643	2833	veranda	xuan1
罕		2644	2834	rarely	han3
竿		2645	2835	pole	gan1
悍		2646	2836	bold	han4
吁	籲	2647	2837	plead	yu4
涂	塗	2648	2838	smear (v.)	tu2
叙	敘	2649	2839	recount (v.)	xu4
徐		2650	2840	slowly	xu2
斜		2651	2841	slanting	xie2
喇		2652	2842	flared horn	la3
嗽		2653	2843	hack (v.)	sou4
赖	賴	2654	2844	rely on	lai4
懒	懶	2655	2845	lazy	lan3
嫩		2656	2846	tender (adj.)	nen4
董		2657	2847	director	dong3
疗	療	2658	2848	cure (v.)	liao2
痰		2659	2849	phlegm	tan2
症		2660	2850	disease	zheng4
疼		2661	2851	hurt (v.)	teng2
痒	癢	2662	2852	itch (v.)	yang3
瘫	癱	2663	2853	paralysis	tan1
疫		2664	2854	epidemic	yi4
癌		2665	2855	cancer	ai2
疲		2666	2856	fatigued	pi2
痴		2667	2857	idiotic	chi1
瘤		2668	2858	tumor	liu2
疮	瘡	2669	2859	sore (n.)	chuang1
疾		2670	2860	rapid	ji2
瘾	癮	2671	2861	addiction	yin3
痕		2672	2862	trace (n.)	hen2
汇	匯	2673	2863	converge	hui4
框		2674	2864	rectangular frame	kuang4
筐		2675	2865	rectangular basket	kuang1
砸		2676	2866	smash (v.)	za2
匠		2677	2867	artisan	jiang4
匪		2678	2868	bandit	fei3
匿		2679	2869	keep out of sight	ni4
兜		2680	2870	pocket	dou1
巨		2681	2871	gigantic	ju4
柜	櫃	2682	2872	cupboard	gui4
渠		2683	2873	canal	qu2
拒		2684	2874	refuse (v.)	ju4
矩		2685	2875	square (n.)	ju3
距		2686	2876	distance	ju4
殴	毆	2687	2877	hit (v.)	ou1
呕	嘔	2688	2878	vomit (v.)	ou3
躯	軀	2689	2879	human body	qu1
昂		2690	2880	hold one's head high	ang2
抑		2691	2881	curb (v.)	yi4
葵		2692	2882	large-flowered plants	kui2
p.登		v2p190-1	2883	p.stepladder	
瞪		2693	2884	glare (v.)	deng4
凳		2694	2885	bench	deng4
澄		2695	2886	transparent	cheng2
p.尞		v2p190-2	2887	p.pup tent	
僚		2696	2888	coworker	liao2
拨	撥	2697	2889	allocate	bo1
泼	潑	2698	2890	splash (v.)	po1
p.犮		v2p190-3	2891	p.seeing-eye chihuahua	
拔		2699	2892	pull out	ba2
杉		2700	2893	fir tree	shan1
彬		2701	2894	well-mannered	bin1
衫		2702	2895	shirt	shan1
彰		2703	2896	manifest (adj.)	zhang1
膨		2704	2897	puffy	peng2
渗	滲	2705	2898	seep	shen4
诊	診	2706	2899	diagnose	zhen3
趁		2707	2900	take advantage of	chen4
p.翏		v2p193	2901	p.kiddie cocktail	
寥		2708	2902	deserted	liao2
谬	謬	2709	2903	wrong (adj.)	miu4
铲	鏟	2710	2904	small shovel	chan3
萨	薩	2711	2905	Samoa	sa4
刘	劉	2712	2906	Liu	liu2
坟	墳	2713	2907	tomb	fen2
纹	紋	2714	2908	design (n.)	wen2
斋	齋	2715	2909	abstain from food	zhai1
斑		2716	2910	speck	ban1
剂	劑	2717	2911	pharmaceutical (n.)	ji4
挤	擠	2718	2912	squeeze (v.)	ji3
脊		2719	2913	backbone	ji3
函		2720	2914	letter	han2
涵		2721	2915	culvert	han2
映		2722	2916	reflect	ying4
殃		2723	2917	calamity	yang1
秧		2724	2918	youngling	yang1
焕	煥	2725	2919	glowing	huan4
肥		2726	2920	plump	fei2
爬		2727	2921	crawl (v.)	pa2
疤		2728	2922	scar (n.)	ba1
甜		2729	2923	sugary	tian2
嵌		2730	2924	set (v.)	qian4
钳	鉗	2731	2925	pliers	qian2
媒		2732	2926	matchmaker	mei2
煤		2733	2927	coal	mei2
谋	謀	2734	2928	scheme (v.)	mou2
棋		2735	2929	chess	qi2
欺		2736	2930	dupe	qi1
旗		2737	2931	flag (n.)	qi2
嘶		2738	2932	hoarse	si1
撕		2739	2933	rip (v.)	si1
p.甚		v2p197	2934	p.hercules	
堪		2740	2935	tolerate	kan1
勘		2741	2936	survey (v.)	kan1
遣		2742	2937	dispatch (v.)	qian3
谴	譴	2743	2938	censure (v.)	qian3
囊		2744	2939	sack (n.)	nang2
溃	潰	2745	2940	burst (v.)	kui4
宜		2746	2941	fitting (adj.)	yi2
谊	誼	2747	2942	friendship	yi4
租		2748	2943	rent (n./v.)	zu1
粗		2749	2944	coarse	cu1
阻		2750	2945	block (v.)	zu3
桑		2751	2946	mulberry tree	sang1
嗓		2752	2947	voicebox	sang3
叠	疊	2753	2948	heap (v.)	die2
锄	鋤	2754	2949	hoe (n./v.)	chu2
碰		2755	2950	bump (v.)	peng4
谱	譜	2756	2951	musical score	pu3
壶	壺	2757	2952	kettle	hu2
凿	鑿	2758	2953	bore a hole	zao2
湿	濕	2759	2954	wet	shi1
哑	啞	2760	2955	mute (adj.)	ya3
晋	晉	2761	2956	promote	jin4
哄		2762	2957	fool (v.)	hong3
洪		2763	2958	deluge	hong2
烘		2764	2959	warm by a fire	hong1
戴		2765	2960	have on	dai4
翼		2766	2961	wings	yi4
恭		2767	2962	respectful	gong1
拱		2768	2963	arch (n./v.)	gong3
撰		2769	2964	compose	zhuan4
粪	糞	2770	2965	dung	fen4
殿		2771	2966	ceremonial hall	dian4
暴		2772	2967	violent	bao4
瀑		2773	2968	waterfall	pu4
爆		2774	2969	explode	bao4
拥	擁	2775	2970	hug (v.)	yong1
佣	傭	2776	2971	put to work	yong1
甩		2777	2972	fling (v.)	shuai3
庸		2778	2973	mediocre	yong1
触	觸	2779	2974	touch (v.)	chu4
蟹		2780	2975	crab (n.)	xie4
懈		2781	2976	lax	xie4
册	冊	2782	2977	Vol.	ce4
删	刪	2783	2978	delete	shan1
栅	柵	2784	2979	palisade	zha4
珊		2785	2980	coral	shan1
遍		2786	2981	everywhere	bian4
偏		2787	2982	partial	pian1
抵		2788	2983	resist	di3
氓		2789	2984	hoodlum	mang2
哺		2790	2985	breastfeed	bu3
浦		2791	2986	river mouth	pu3
蒲		2792	2987	cattail	pu2
薄		2793	2988	slight (adj.)	bo2
铺	鋪	2794	2989	shop (n.)	pu4
捕		2795	2990	capture	bu3
敷		2796	2991	apply	fu1
膊		2797	2992	shoulder to wrist	bo2
傅		2798	2993	mentor	fu4
缚	縛	2799	2994	bind fast	fu4
簿		2800	2995	register (n.)	bu4
郁	鬱	2801	2996	depressed	yu4
郭		2802	2997	outer walls	guo1
廓		2803	2998	limitless	kuo4
邓	鄧	2804	2999	Deng	deng4
鄙		2805	3000	despicable	bi3
耶		2806	3001	Jerusalem	ye1
邮	郵	2807	3002	post (v.)	you2
邦		2808	3003	nation	bang1
绑	綁	2809	3004	truss	bang3
郊		2810	3005	outskirts	jiao1
邻	鄰	2811	3006	neighbor	lin2
廊		2812	3007	hallway	lang2
缎	緞	2813	3008	satin	duan4
刁		2814	3009	wily	diao1
叼		2815	3010	hold in the mouth	diao1
钙	鈣	2816	3011	calcium	gai4
殷		2817	3012	ardent	yin1
伺		2818	3013	attend to	si4
饲	飼	2819	3014	rear (v.)	si4
舶		2820	3015	liner	bo2
舰	艦	2821	3016	warship	jian4
航		2822	3017	navigate	hang2
舵		2823	3018	rudder	duo4
舱	艙	2824	3019	ship's cabin	cang1
艇		2825	3020	light boat	ting3
沿		2826	3021	along (prep.)	yan2
铅	鉛	2827	3022	lead (n.)	qian1
狐		2828	3023	fox	hu2
瓣		2829	3024	petal	ban4
溢		2830	3025	brim over	yi4
隘		2831	3026	pass (n.)	ai4
霞		2832	3027	red sky	xia2
氨		2833	3028	ammonia	an1
氧		2834	3029	oxygen	yang3
氛		2835	3030	atmosphere	fen1
氢	氫	2836	3031	hydrogen	qing1
氯		2837	3032	chlorine	lü4
霸		2838	3033	tyrant	ba4
靴		2839	3034	boots	xue1
鞭		2840	3035	whip (n./v.)	bian1
鞠		2841	3036	bow respectfully	ju1
芽		2842	3037	sprout (n.)	ya2
讶	訝	2843	3038	surprised	ya4
雅		2844	3039	polished	ya3
邪		2845	3040	wicked	xie2
悉		2846	3041	be informed	xi1
毯		2847	3042	blanket (n.)	tan3
毫		2848	3043	milli-	hao2
p.耒		v2p213	3044	p.christmas tree	
耗		2849	3045	consume	hao4
耕		2850	3046	till (v.)	geng1
籍		2851	3047	records	ji2
藉		2852	3048	in disorder	ji2
畏		2853	3049	be afraid of	wei4
喂	餵	2854	3050	Hello...	wei4
胀	脹	2855	3051	bloated	zhang4
帐	帳	2856	3052	tent	zhang4
誉	譽	2857	3053	reputation	yu4
剑	劍	2858	3054	saber	jian4
敛	斂	2859	3055	restrain	lian3
捡	撿	2860	3056	pick up (v.)	jian3
俭	儉	2861	3057	thrifty	jian3
签	簽	2862	3058	sign (v.)	qian1
鹏	鵬	2863	3059	roc	peng2
鸣	鳴	2864	3060	twitter (v.)	ming2
鸿	鴻	2865	3061	swan	hong2
莺	鶯	2866	3062	oriole	ying1
鸽	鴿	2867	3063	pigeon	ge1
鹤	鶴	2868	3064	crane	he4
鹊	鵲	2869	3065	magpie	que4
鸥	鷗	2870	3066	gull	ou1
鹅	鵝	2871	3067	goose	e2
鸦	鴉	2872	3068	raven	ya1
乌	烏	2873	3069	crow	wu1
呜	嗚	2874	3070	zoom-zoom	wu1
捣	搗	2875	3071	pound with a pestle	dao3
寓		2876	3072	residence	yu4
愚		2877	3073	pea-brained	yu2
偶		2878	3074	by chance	ou3
缸		2879	3075	vat	gang1
窑	窯	2880	3076	kiln	yao2
p.雚		v2p218-1	3077	p.stork	
罐		2881	3078	jar	guan4
灌		2882	3079	pour into	guan4
p.匋		v2p218-2	3080	p.canteen	
陶		2883	3081	pottery	tao2
淘		2884	3082	wash in a container	tao2
掏		2885	3083	draw out	tao1
谣	謠	2886	3084	rumor	yao2
冤		2887	3085	injustice	yuan1
挽		2888	3086	tow (v.)	wan3
勉		2889	3087	strive	mian3
馋	饞	2890	3088	gluttonous	chan2
橡		2891	3089	rubber tree	xiang4
豫		2892	3090	pleased	yu4
码	碼	2893	3091	numeral	ma3
驯	馴	2894	3092	tame (adj./v.)	xun4
玛	瑪	2895	3093	Matteo	ma3
驻	駐	2896	3094	be stationed	zhu4
骄	驕	2897	3095	arrogant	jiao1
驰	馳	2898	3096	gallop (v.)	chi2
蚂	螞	2899	3097	leech-hopper	ma4
驶	駛	2900	3098	maneuver (v.)	shi3
骚	騷	2901	3099	disturb	sao1
驾	駕	2902	3100	drive (v.)	jia4
驴	驢	2903	3101	donkey	lü2
腾	騰	2904	3102	take flight	teng2
骡	騾	2905	3103	mule	luo2
骤	驟	2906	3104	trot (v.)	zhou4
闯	闖	2907	3105	rush (v.)	chuang3
驱	驅	2908	3106	drive away	qu1
驳	駁	2909	3107	refute	bo2
骗	騙	2910	3108	cheat (v.)	pian4
唬		2911	3109	bluff (v.)	hu3
虏	虜	2912	3110	take captive	lu3
虐		2913	3111	despotic	nüe4
滤	濾	2914	3112	filter (v.)	lü4
p.舛		v2p223-1	3113	p.sunglasses	
瞬		2915	3114	instant	shun4
p.粦		v2p223-2	3115	p.jack-o'-lantern	
麟		2916	3116	Chinese unicorn	lin2
磷		2917	3117	phosphorous	lin2
唇		2918	3118	lips	chun2
辱		2919	3119	disgrace (n./v.)	ru3
震		2920	3120	quake (v.)	zhen4
振		2921	3121	vibrate	zhen4
郑	鄭	2922	3122	Zheng	zheng4
掷	擲	2923	3123	hurl	zhi4
魄		2924	3124	vigor	po4
槐		2925	3125	scholar tree	huai2
魅		2926	3126	enchant	mei4
瑰		2927	3127	marvelous	gui1
魂		2928	3128	soul	hun2
愧		2929	3129	ashamed	kui4
魁		2930	3130	leader	kui2
胧	朧	2931	3131	hazy	long2
垄	壟	2932	3132	raised path between fields	long3
宠	寵	2933	3133	dote on	chong3
庞	龐	2934	3134	huge	pang2
拢	攏	2935	3135	draw near	long3
聋	聾	2936	3136	deaf	long2
笼	籠	2937	3137	cage (n.)	long2
挪		2938	3138	transfer (v.)	nuo2
辆	輛	2939	3139	vehicles	liang4
瞒	瞞	2940	3140	dissemble	man2
龟	龜	2941	3141	tortoise	gui1
p.黾		v2p228	3142	p.electrical outlet	
蝇	蠅	2942	3143	flies	ying2
绳	繩	2943	3144	rope (n.)	sheng2
淹		2944	3145	inundate	yan1
俺		2945	3146	we (exclusive)	an3
钮	鈕	2946	3147	push button (n.)	niu3
羞		2947	3148	shy	xiu1
纽	紐	2948	3149	New York	niu3
赫		2949	3150	illustrious	he4
奕		2950	3151	radiating vitality	yi4
迹	跡	2951	3152	indication	ji4
蛮	蠻	2952	3153	barbaric	man2
啤		2953	3154	beer	pi2
脾		2954	3155	spleen	pi2
碑		2955	3156	stele	bei1
嘱	囑	2956	3157	admonish	zhu3
肆		2957	3158	IV	si4
p.臼		v2p228	3159	p.mortar	
插		2958	3160	insert (v.)	cha1
毁	毀	2959	3161	ruin (v.)	hui3
鼠		2960	3162	mouse	shu3
舅		2961	3163	mother's brother	jiu4
p.舀		v2p229	3164	p.scoop	
滔		2962	3165	surging	tao1
稻		2963	3166	unhulled rice	dao4
蹈		2964	3167	tread (v.)	dao3
p.叟		v2p230-1	3168	p.cake mixer	
嫂		2965	3169	elder brother's wife	sao3
搜		2966	3170	search (v.)	sou1
瘦		2967	3171	emaciated	shou4
艘		2968	3172	vessels	sou1
p.臽		v2p230-2	3173	p.pothole	
焰		2969	3174	flame (n.)	yan4
馅	餡	2970	3175	filling (n.)	xian4
陷		2971	3176	get stuck	xian4
p.叕		v2p231	3177	p.stitching	
爽		2972	3178	frank (adj.)	shuang3
缀	綴	2973	3179	embellish	zhui4
p.囟		v2p232	3180	p.farmer's almanac	
傻		2974	3181	thick-headed	sha3
蝴		2975	3182	butterfly (front end)	hu2
蝶		2976	3183	butterfly (back end)	die2
蜘		2977	3184	spider (front end)	zhi1
蛛		2978	3185	spider (back end)	zhu1
骆	駱	2979	3186	camel (front end)	luo4
驼	駝	2980	3187	camel (back end)	tuo2
蜻		2981	3188	dragonfly (front end)	qing1
蜓		2982	3189	dragonfly (back end)	ting2
凤	鳳	2983	3190	male phoenix	feng4
凰		2984	3191	female phoenix	huang2
玻		2985	3192	glass (front side)	bo1
璃		2986	3193	glass (back side)	li2
橄		2987	3194	olive (A)	gan3
榄	欖	2988	3195	olive (B)	lan3
芙		2989	3196	hibiscus (A)	fu2
蓉		2990	3197	hibiscus (B)	rong2
咖		2991	3198	coffee (first drop)	ka1
啡		2992	3199	coffee (last drop)	fei1
葡		2993	3200	grapes (A)	pu2
萄		2994	3201	grapes (B)	tao2
蘑		2995	3202	mushroom (cap)	mo2
菇		2996	3203	mushroom (stem)	gu1
吩		2997	3204	in- (of instruct)	fen1
咐		2998	3205	-struct (of instruct)	fu4
乒		2999	3206	ping (of ping-pong)	ping1
乓		3000	3207	pong (of ping-pong)	pang1
曹		3001	3208	Cao	cao2
潘		3002	3209	Pan	pan1
谭	譚	3003	3210	Tan	tan2
姚		3004	3211	Yao-2	yao2
薛		3005	3212	Xue	xue1
彭		3006	3213	Peng	peng2
冯	馮	3007	3214	Feng	feng2
魏		3008	3215	Wei	wei4
岳		3009	3216	Yue	yue4
莉		3010	3217	jasmine	li4
湘		3011	3218	Hunan Province	xiang1
甸		3012	3219	outlying areas	dian4
沧	滄	3013	3220	dark blue	cang1
穆		3014	3221	reverent	mu4
娜		3015	3222	na	nuo2
琼	瓊	3016	3223	fine jade	qiong2
琳		3017	3224	gem	lin2
钧	鈞	3018	3225	30 catties	jun1
